politician_id,politician_name,party,participation_count,participation_rate,degree,strength
12,Nicolai Wammen,S,70,0.4166666666666667,62,19.906183566568448
18,Alex Ahrendtsen,DF,131,0.7797619047619048,3,0.8077395649650211
34,Søren Espersen,DD,109,0.6488095238095238,8,2.243225667902313
38,Astrid Krag,S,60,0.35714285714285715,45,8.897087854434655
49,Erling Bonnesen,V,136,0.8095238095238095,75,19.754196024343877
74,Mette Reissmann,S,136,0.8095238095238095,79,19.728953205396994
80,Torsten Schack Pedersen,V,135,0.8035714285714286,76,19.930602773321663
82,Hans Kristian Skibby,DD,147,0.875,11,2.658562704267809
93,Louise Elholm,V,156,0.9285714285714286,80,20.725283489450057
97,Jesper Petersen,S,150,0.8928571428571429,82,20.54996538327026
99,Ole Birk Olesen,LA,126,0.75,9,2.3911036796225136
102,Jan E. Jørgensen,V,156,0.9285714285714286,81,20.20884914144657
110,Rosa Lund,EL,40,0.23809523809523808,1,0.2261749999999995
112,Lotte Rod,RV,80,0.47619047619047616,8,1.413683856457193
113,Jens Henrik Thulesen Dahl,DD,107,0.6369047619047619,8,2.351428399796929
118,Trine Bramsen,S,86,0.5119047619047619,63,14.03285549827364
119,Dennis Flydtkjær,DD,137,0.8154761904761905,12,3.1567211057777436
120,Benny Engelbrecht,S,115,0.6845238095238095,64,18.77890624915076
121,Karina Lorentzen Dehnhardt,SF,104,0.6190476190476191,7,2.2307451203011075
125,Hans Christian Schmidt,V,94,0.5595238095238095,62,18.681712024770803
127,Preben Bang Henriksen,V,148,0.8809523809523809,80,19.594004177127506
139,Thomas Danielsen,V,53,0.31547619047619047,38,8.186932485835943
152,Ida Auken,S,144,0.8571428571428571,76,20.169511043191555
162,Karina Adsbøl,DD,52,0.30952380952380953,3,0.6995383720930172
164,Hans Andersen,V,85,0.5059523809523809,69,12.971042811749989
168,Anni Matthiesen,V,153,0.9107142857142857,81,20.01238551917328
176,Søren Søndergaard,EL,101,0.6011904761904762,5,1.3458717942456797
180,Peter Juel-Jensen,V,149,0.8869047619047619,80,20.139851015725885
182,Inger Støjberg,DD,78,0.4642857142857143,7,2.288634914650554
191,Zenia Stampe,RV,131,0.7797619047619048,64,9.987022798058371
199,Karsten Hønge,SF,116,0.6904761904761905,11,2.7656590288980345
201,Thomas Jensen,S,143,0.8511904761904762,80,20.41793345035419
208,Simon Kollerup,S,105,0.625,62,18.46432349996829
213,Jens Joel,S,147,0.875,81,20.56373902981656
214,Jeppe Bruus,S,63,0.375,50,11.828450146330912
224,Flemming Møller Mortensen,S,130,0.7738095238095238,77,19.28939332094289
244,Magnus Heunicke,S,57,0.3392857142857143,42,8.345615397399438
252,Pia Kjærsgaard,DF,65,0.3869047619047619,2,0.2903800298062582
257,Bjarne Laustsen,S,146,0.8690476190476191,80,19.318530597511394
260,Leif Lahn Jensen,S,117,0.6964285714285714,71,19.208928813940894
266,Rasmus Horn Langhoff,S,127,0.7559523809523809,72,20.01689584587657
273,Per Husted,S,159,0.9464285714285714,81,19.86001915829358
278,Karin Gaardsted,S,162,0.9642857142857143,81,19.97748597685591
286,Ane Halsboe-Jørgensen,S,159,0.9464285714285714,81,20.241420738801185
667,Søren Egge Rasmussen,EL,127,0.7559523809523809,6,1.438451951545692
1146,Marlene Harpsøe,DD,77,0.4583333333333333,10,1.9375631710770755
1454,Rasmus Jarlov,KF,56,0.3333333333333333,11,1.6850147286678203
1619,Yildiz Akdogan,S,148,0.8809523809523809,81,20.19264634031705
1845,Søren Gade,V,110,0.6547619047619048,64,17.757908664012348
11702,Per Larsen,KF,125,0.7440476190476191,66,15.843000061675419
15760,Lea Wermelin,S,64,0.38095238095238093,50,11.087575598089163
15762,Christian Rabjerg Madsen,S,133,0.7916666666666666,76,19.955253824565588
15763,Peter Kofod,DF,133,0.7916666666666666,3,0.8556710116879189
15770,Mattias Tesfaye,S,62,0.36904761904761907,47,9.600623539775992
15774,Lise Bech,DD,50,0.2976190476190476,3,0.6434127169597263
15775,Torsten Gejl,ALT,83,0.49404761904761907,2,0.6032018042098237
15776,Peter Hummelgaard,S,75,0.44642857142857145,59,13.778664455655338
15777,Pelle Dragsted,EL,76,0.4523809523809524,4,1.2610066178919366
15779,Carsten Bach,LA,60,0.35714285714285715,6,1.4279081428765958
15787,Kaare Dybvad Bek,S,145,0.8630952380952381,81,20.584584822172577
15793,Mette Abildgaard,KF,107,0.6369047619047619,63,14.859937511040432
16180,Kasper Roug,S,72,0.42857142857142855,58,12.78511112345507
16351,Malte Larsen,S,165,0.9821428571428571,81,20.23701914639219
16582,Peder Hvelplund,EL,162,0.9642857142857143,7,1.7337036888304251
16728,Kirsten Normann Andersen,SF,124,0.7380952380952381,11,2.808407433005693
17141,Brigitte Klintskov Jerkel,KF,92,0.5476190476190477,62,17.036732591073925
17629,Mads Fuglede,DD,66,0.39285714285714285,6,1.1193722167415983
18693,Mai Villadsen,EL,70,0.4166666666666667,3,0.5074849702380964
18694,Victoria Velasquez,EL,163,0.9702380952380952,6,1.4895747608465797
18695,Kim Valentin,V,153,0.9107142857142857,81,20.250838259138202
18696,Morten Dahlin,V,74,0.44047619047619047,60,12.939808221573358
18698,Marlene Ambo-Rasmussen,V,66,0.39285714285714285,55,10.880288908002498
18699,Christoffer Aagaard Melson,V,161,0.9583333333333334,81,20.31792932358284
18700,Heidi Bank,V,59,0.35119047619047616,44,9.26299255708567
18704,Halime Oguz,SF,77,0.4583333333333333,8,1.5242284162388218
18707,Astrid Carøe,SF,157,0.9345238095238095,12,2.9429356594448515
18708,Charlotte Broman Mølbæk,SF,104,0.6190476190476191,7,2.103369904218591
18709,Signe Munk,SF,99,0.5892857142857143,8,2.2823776195881145
18713,Mona Juul,KF,110,0.6547619047619048,62,13.31228094301248
18715,Henrik Møller,S,71,0.4226190476190476,57,10.250259306021478
18716,Rasmus Stoklund,S,71,0.4226190476190476,55,10.940744643792291
18717,Bjørn Brandenborg,S,138,0.8214285714285714,73,19.483234421290483
18718,Anders Kronborg,S,161,0.9583333333333334,81,20.208958035263272
18719,Birgitte Vind,S,111,0.6607142857142857,68,19.1752673844334
18720,Camilla Fabricius,S,154,0.9166666666666666,81,19.97181705155252
18721,Mette Thiesen,DF,89,0.5297619047619048,4,0.7910733877288025
18723,Pernille Vermund,LA,53,0.31547619047619047,7,1.1532105050801336
18724,Lars Boje Mathiesen,UFG,87,0.5178571428571429,0,0.0
18725,Samira Nawa,RV,125,0.7440476190476191,65,11.297310220194985
18726,Stinus Lindgreen,RV,82,0.4880952380952381,9,1.4067553523934668
18729,Katrine Robsøe,RV,139,0.8273809523809523,64,9.621740424504328
19000,Theresa Berg Andersen,SF,92,0.5476190476190477,9,1.8160718714156159
19928,Kim Aas,S,135,0.8035714285714286,78,20.099638221017525
20349,Anna Falkenberg,SP,72,0.42857142857142855,62,19.610710558396548
20352,Helene Brydensholt,ALT,125,0.7440476190476191,2,0.613248513827864
20353,Sascha Faxe,ALT,46,0.27380952380952384,1,0.1612619047618938
20355,Kim Edberg Andersen,DD,83,0.49404761904761907,11,2.159175454784594
20356,Mikkel Bjørn,DF,144,0.8571428571428571,4,0.900402267750005
20357,Lise Bertelsen,KF,74,0.44047619047619047,12,1.6814548256841975
20359,Sigurd Agersnap,SF,161,0.9583333333333334,12,2.9491591721560377
20360,Sofie Lippert,SF,89,0.5297619047619048,10,1.831021232889276
20362,Thomas Monberg,S,153,0.9107142857142857,80,19.572186724640822
20363,Sara Emil Baaring,S,159,0.9464285714285714,81,20.545751591326784
20364,Frederik Vad,S,153,0.9107142857142857,82,20.404722342658953
20365,Matilde Powers,S,139,0.8273809523809523,74,20.107495946852765
20367,Kris Jensen Skriver,S,166,0.9880952380952381,81,19.909275350378095
20368,Maria Durhuus,S,135,0.8035714285714286,77,19.45818078470693
20369,Helle Bonnesen,KF,140,0.8333333333333334,65,14.052146308427428
20370,Christina Olumeko,ALT,73,0.43452380952380953,2,0.2857913543228455
20371,Linea Søgaard-Lidell,V,145,0.8630952380952381,76,20.106247732942826
20372,Betina Kastbjerg,DD,47,0.27976190476190477,2,0.2724235055724442
20373,Susie Jessen,DD,56,0.3333333333333333,7,1.5260667131999877
20374,Kenneth Fredslund Petersen,DD,133,0.7916666666666666,11,2.8281046201330344
20375,Charlotte Munch Pasler,DD,109,0.6488095238095238,8,2.284466558290298
20376,Kristian Bøgsted,DD,159,0.9464285714285714,13,3.34559166258738
20377,Henrik Frandsen,M,84,0.5,64,13.458862577954315
20378,Rosa Eriksen,M,166,0.9880952380952381,81,19.905255786993376
20381,Karin Liltorp,ALT,149,0.8869047619047619,12,1.8088338353865878
20383,Jeppe Søe,UFG,43,0.25595238095238093,0,0.0
20384,Nanna W. Gotfredsen,M,86,0.5119047619047619,62,19.43589335231636
20385,Charlotte Bagge Hansen,M,68,0.40476190476190477,52,10.209433923250028
20386,Rasmus Lund-Nielsen,M,109,0.6488095238095238,64,17.44369798265175
20388,Jon Stephensen,UFG,50,0.2976190476190476,27,3.8827187620936106
20389,Peter Have,M,155,0.9226190476190477,81,20.46538198055285
20390,Mike Villa Fonseca,UFG,73,0.43452380952380953,0,0.0
20391,Sólbjørg Jakobsen,LA,137,0.8154761904761905,11,2.8693621851229234
20392,Lars-Christian Brask,LA,42,0.25,1,0.2017857142857073
20393,Katrine Daugaard,LA,137,0.8154761904761905,9,2.4752855105899085
20394,Steffen W. Frølund,LA,138,0.8214285714285714,10,2.6015076850315544
20395,Alexander Ryle,LA,133,0.7916666666666666,10,2.69668136883066
20396,Jens Meilvang,LA,92,0.5476190476190477,8,2.5184727532355047
20397,Steffen Larsen,LA,46,0.27380952380952384,3,0.6828365942028953
20398,Helena Artmann Andresen,LA,153,0.9107142857142857,12,3.0367856990639064
20399,Louise Brown,LA,135,0.8035714285714286,15,3.5585784147853707
20400,Sandra Elisabeth Skalvig,LA,162,0.9642857142857143,13,3.28882786366656
20411,Leila Stockmarr,EL,69,0.4107142857142857,4,0.7227661835748779
20415,Mohammad Rona,M,164,0.9761904761904762,81,20.105453620665305
20496,Henrik Rejnholt Andersen,M,136,0.8095238095238095,79,19.9895852261721
20781,Gunvor Wibroe,S,159,0.9464285714285714,81,20.471736929557153
20798,Mads Olsen,SF,159,0.9464285714285714,12,2.9114473550348374
20820,Carl Andersen,LA,93,0.5535714285714286,11,2.2576891146710696
20925,Dina Raabjerg,KF,158,0.9404761904761905,71,14.120663823450894
20930,Louise Mehnke,S,81,0.48214285714285715,65,12.775940216354078
20962,Claus Jørgensen,SF,80,0.47619047619047616,8,1.5296963604043623
20966,Frederik Bloch Münster,KF,71,0.4226190476190476,5,0.8839121965145402
21044,Lasse Haugaard Pedersen,S,168,1.0,81,20.14346433863398
21143,Morten Klessen,S,125,0.7440476190476191,69,19.210798764919897
21159,Ammar Ali,M,144,0.8571428571428571,78,19.353613612184258
21168,Erik Veje Rasmussen,V,126,0.75,70,19.784379164946643
21194,Joachim Hoffmann-Petersen,KF,62,0.36904761904761907,4,0.8592650093808636
