politician_id,politician_name,party,period,vote_number,afstemning_id,vote_category
119,Dennis Flydtkjær,DD,20251,2,10379,Fravær
34,Søren Espersen,DD,20251,2,10379,Fravær
238,Morten Messerschmidt,DF,20251,2,10379,Fravær
20392,Lars-Christian Brask,LA,20251,2,10379,Imod
18723,Pernille Vermund,LA,20251,2,10379,Imod
15779,Carsten Bach,LA,20251,2,10379,Fravær
20384,Nanna W. Gotfredsen,M,20251,2,10379,For
20389,Peter Have,M,20251,2,10379,For
20357,Lise Bertelsen,KF,20251,2,10379,Fravær
20369,Helle Bonnesen,KF,20251,2,10379,Fravær
18699,Christoffer Aagaard Melson,V,20251,2,10379,For
18695,Kim Valentin,V,20251,2,10379,For
168,Anni Matthiesen,V,20251,2,10379,For
127,Preben Bang Henriksen,V,20251,2,10379,Fravær
1146,Marlene Harpsøe,DD,20251,2,10379,Imod
162,Karina Adsbøl,DD,20251,2,10379,Fravær
18,Alex Ahrendtsen,DF,20251,2,10379,Imod
252,Pia Kjærsgaard,DF,20251,2,10379,Fravær
20393,Katrine Daugaard,LA,20251,2,10379,Fravær
20396,Jens Meilvang,LA,20251,2,10379,Fravær
20399,Louise Brown,LA,20251,2,10379,Imod
21159,Ammar Ali,M,20251,2,10379,Fravær
20496,Henrik Rejnholt Andersen,M,20251,2,10379,For
18725,Samira Nawa,RV,20251,2,10379,Fravær
141,Martin Lidegaard,RV,20251,2,10379,Imod
20351,Franciska Rosenkilde,ALT,20251,2,10379,Imod
20966,Frederik Bloch Münster,KF,20251,2,10379,Imod
20925,Dina Raabjerg,KF,20251,2,10379,Imod
21168,Erik Veje Rasmussen,V,20251,2,10379,For
20371,Linea Søgaard-Lidell,V,20251,2,10379,For
113,Jens Henrik Thulesen Dahl,DD,20251,2,10379,Fravær
180,Peter Juel-Jensen,V,20251,2,10379,For
93,Louise Elholm,V,20251,2,10379,For
20917,Tina Cartey Hansen,KF,20251,2,10379,Fravær
17141,Brigitte Klintskov Jerkel,KF,20251,2,10379,Fravær
11702,Per Larsen,KF,20251,2,10379,Imod
20415,Mohammad Rona,M,20251,2,10379,For
20385,Charlotte Bagge Hansen,M,20251,2,10379,Fravær
99,Ole Birk Olesen,LA,20251,2,10379,Fravær
20391,Sólbjørg Jakobsen,LA,20251,2,10379,Imod
82,Hans Kristian Skibby,DD,20251,2,10379,Imod
20373,Susie Jessen,DD,20251,2,10379,Imod
125,Hans Christian Schmidt,V,20251,2,10379,Fravær
49,Erling Bonnesen,V,20251,2,10379,For
217,Lars Christian Lilleholt,V,20251,2,10379,Fravær
15793,Mette Abildgaard,KF,20251,2,10379,Imod
21194,Joachim Hoffmann-Petersen,KF,20251,2,10379,Imod
20377,Henrik Frandsen,M,20251,2,10379,Fravær
18703,Alex Vanopslagh,LA,20251,2,10379,Imod
48,Peter Skaarup,DD,20251,2,10379,Imod
182,Inger Støjberg,DD,20251,2,10379,Imod
164,Hans Andersen,V,20251,2,10379,For
102,Jan E. Jørgensen,V,20251,2,10379,For
18713,Mona Juul,KF,20251,2,10379,Imod
18700,Heidi Bank,V,20251,2,10379,Fravær
18729,Katrine Robsøe,RV,20251,2,10379,Imod
20370,Christina Olumeko,ALT,20251,2,10379,Fravær
20381,Karin Liltorp,ALT,20251,2,10379,Imod
20353,Sascha Faxe,ALT,20251,2,10379,Fravær
20349,Anna Falkenberg,SP,20251,2,10379,Fravær
20376,Kristian Bøgsted,DD,20251,2,10379,Imod
20355,Kim Edberg Andersen,DD,20251,2,10379,Imod
18724,Lars Boje Mathiesen,UFG,20251,2,10379,Fravær
18722,Peter Seier Christensen,UFG,20251,2,10379,Fravær
20388,Jon Stephensen,UFG,20251,2,10379,For
20390,Mike Villa Fonseca,UFG,20251,2,10379,Imod
20383,Jeppe Søe,UFG,20251,2,10379,For
20354,Theresa Scavenius,UFG,20251,2,10379,Fravær
21143,Morten Klessen,S,20251,2,10379,For
21044,Lasse Haugaard Pedersen,S,20251,2,10379,For
20781,Gunvor Wibroe,S,20251,2,10379,For
21206,Elvira Kûitse,N,20251,2,10379,Fravær
20798,Mads Olsen,SF,20251,2,10379,Imod
20360,Sofie Lippert,SF,20251,2,10379,Imod
20359,Sigurd Agersnap,SF,20251,2,10379,Imod
20358,Marianne Bigum,SF,20251,2,10379,Fravær
20366,Thomas Skriver Jensen,S,20251,2,10379,For
20364,Frederik Vad,S,20251,2,10379,For
20930,Louise Mehnke,S,20251,2,10379,Fravær
20367,Kris Jensen Skriver,S,20251,2,10379,For
20363,Sara Emil Baaring,S,20251,2,10379,For
20365,Matilde Powers,S,20251,2,10379,For
20368,Maria Durhuus,S,20251,2,10379,For
19928,Kim Aas,S,20251,2,10379,For
21083,Thorkild Holmboe-Hay,S,20251,2,10379,For
15757,Aaja Chemnitz,IA,20251,2,10379,Fravær
20962,Claus Jørgensen,SF,20251,2,10379,Fravær
134,Christian Friis Bach,V,20251,2,10379,Fravær
20374,Kenneth Fredslund Petersen,DD,20251,2,10379,Imod
17629,Mads Fuglede,DD,20251,2,10379,Fravær
15774,Lise Bech,DD,20251,2,10379,Imod
18721,Mette Thiesen,DF,20251,2,10379,Imod
15763,Peter Kofod,DF,20251,2,10379,Imod
20400,Sandra Elisabeth Skalvig,LA,20251,2,10379,Imod
20394,Steffen W. Frølund,LA,20251,2,10379,Fravær
20397,Steffen Larsen,LA,20251,2,10379,Imod
20378,Rosa Eriksen,M,20251,2,10379,Fravær
20386,Rasmus Lund-Nielsen,M,20251,2,10379,Fravær
112,Lotte Rod,RV,20251,2,10379,Imod
191,Zenia Stampe,RV,20251,2,10379,Imod
20352,Helene Brydensholt,ALT,20251,2,10379,Fravær
15775,Torsten Gejl,ALT,20251,2,10379,Imod
262,Sjúrður Skaale,JF,20251,2,10379,For
20372,Betina Kastbjerg,DD,20251,2,10379,Fravær
20375,Charlotte Munch Pasler,DD,20251,2,10379,Imod
20356,Mikkel Bjørn,DF,20251,2,10379,Imod
20350,Nick Zimmermann,DF,20251,2,10379,Fravær
20820,Carl Andersen,LA,20251,2,10379,Imod
20398,Helena Artmann Andresen,LA,20251,2,10379,Imod
20395,Alexander Ryle,LA,20251,2,10379,Fravær
18726,Stinus Lindgreen,RV,20251,2,10379,Fravær
18707,Astrid Carøe,SF,20251,2,10379,Imod
18708,Charlotte Broman Mølbæk,SF,20251,2,10379,Fravær
20411,Leila Stockmarr,EL,20251,2,10379,Fravær
109,Trine Pertou Mach,EL,20251,2,10379,Fravær
21186,Mads Madsen Henriksen,S,20251,2,10379,For
18720,Camilla Fabricius,S,20251,2,10379,For
18715,Henrik Møller,S,20251,2,10379,For
273,Per Husted,S,20251,2,10379,For
16503,Anne Paulin,S,20251,2,10379,Fravær
16180,Kasper Roug,S,20251,2,10379,For
16351,Malte Larsen,S,20251,2,10379,For
1619,Yildiz Akdogan,S,20251,2,10379,For
278,Karin Gaardsted,S,20251,2,10379,For
74,Mette Reissmann,S,20251,2,10379,Fravær
208,Simon Kollerup,S,20251,2,10379,For
18704,Halime Oguz,SF,20251,2,10379,Imod
121,Karina Lorentzen Dehnhardt,SF,20251,2,10379,Fravær
219,Lisbeth Bech-Nielsen,SF,20251,2,10379,Imod
18694,Victoria Velasquez,EL,20251,2,10379,Fravær
667,Søren Egge Rasmussen,EL,20251,2,10379,Imod
152,Ida Auken,S,20251,2,10379,For
97,Jesper Petersen,S,20251,2,10379,For
201,Thomas Jensen,S,20251,2,10379,For
224,Flemming Møller Mortensen,S,20251,2,10379,Fravær
38,Astrid Krag,S,20251,2,10379,Fravær
154,Mogens Jensen,S,20251,2,10379,Fravær
257,Bjarne Laustsen,S,20251,2,10379,Fravær
20362,Thomas Monberg,S,20251,2,10379,For
199,Karsten Hønge,SF,20251,2,10379,Imod
16728,Kirsten Normann Andersen,SF,20251,2,10379,Fravær
110,Rosa Lund,EL,20251,2,10379,Imod
18693,Mai Villadsen,EL,20251,2,10379,Fravær
18718,Anders Kronborg,S,20251,2,10379,For
18719,Birgitte Vind,S,20251,2,10379,For
15760,Lea Wermelin,S,20251,2,10379,For
118,Trine Bramsen,S,20251,2,10379,For
266,Rasmus Horn Langhoff,S,20251,2,10379,Fravær
18709,Signe Munk,SF,20251,2,10379,Imod
19000,Theresa Berg Andersen,SF,20251,2,10379,Imod
176,Søren Søndergaard,EL,20251,2,10379,Imod
16582,Peder Hvelplund,EL,20251,2,10379,Imod
213,Jens Joel,S,20251,2,10379,For
120,Benny Engelbrecht,S,20251,2,10379,Fravær
43,Pia Olsen Dyhr,SF,20251,2,10379,Fravær
15777,Pelle Dragsted,EL,20251,2,10379,Imod
15762,Christian Rabjerg Madsen,S,20251,2,10379,For
260,Leif Lahn Jensen,S,20251,2,10379,Fravær
145,Lars Løkke Rasmussen,M,20251,2,10379,For
206,Troels Lund Poulsen,V,20251,2,10379,Fravær
138,Mette Frederiksen,S,20251,2,10379,Fravær
57,Jakob Engel-Schmidt,M,20251,2,10379,For
15776,Peter Hummelgaard,S,20251,2,10379,Fravær
130,Sophie Løhde,V,20251,2,10379,Fravær
12,Nicolai Wammen,S,20251,2,10379,Fravær
214,Jeppe Bruus,S,20251,2,10379,For
15787,Kaare Dybvad Bek,S,20251,2,10379,Fravær
15770,Mattias Tesfaye,S,20251,2,10379,For
286,Ane Halsboe-Jørgensen,S,20251,2,10379,For
244,Magnus Heunicke,S,20251,2,10379,For
220,Morten Bødskov,S,20251,2,10379,Fravær
20382,Mette Kierkgaard,M,20251,2,10379,For
139,Thomas Danielsen,V,20251,2,10379,For
173,Jacob Jensen,V,20251,2,10379,Fravær
80,Torsten Schack Pedersen,V,20251,2,10379,For
18696,Morten Dahlin,V,20251,2,10379,For
18701,Marie Bjerre,V,20251,2,10379,For
18716,Rasmus Stoklund,S,20251,2,10379,Fravær
1845,Søren Gade,V,20251,2,10379,For
18713,Mona Juul,KF,20251,23,10396,For
102,Jan E. Jørgensen,V,20251,23,10396,For
164,Hans Andersen,V,20251,23,10396,For
182,Inger Støjberg,DD,20251,23,10396,Fravær
48,Peter Skaarup,DD,20251,23,10396,Fravær
18703,Alex Vanopslagh,LA,20251,23,10396,Fravær
20377,Henrik Frandsen,M,20251,23,10396,For
21194,Joachim Hoffmann-Petersen,KF,20251,23,10396,For
15793,Mette Abildgaard,KF,20251,23,10396,For
217,Lars Christian Lilleholt,V,20251,23,10396,For
49,Erling Bonnesen,V,20251,23,10396,Fravær
125,Hans Christian Schmidt,V,20251,23,10396,For
20373,Susie Jessen,DD,20251,23,10396,Imod
82,Hans Kristian Skibby,DD,20251,23,10396,For
20391,Sólbjørg Jakobsen,LA,20251,23,10396,Imod
99,Ole Birk Olesen,LA,20251,23,10396,Imod
20385,Charlotte Bagge Hansen,M,20251,23,10396,For
20415,Mohammad Rona,M,20251,23,10396,For
11702,Per Larsen,KF,20251,23,10396,Fravær
17141,Brigitte Klintskov Jerkel,KF,20251,23,10396,Fravær
1454,Rasmus Jarlov,KF,20251,23,10396,Fravær
1845,Søren Gade,V,20251,23,10396,Fravær
93,Louise Elholm,V,20251,23,10396,For
180,Peter Juel-Jensen,V,20251,23,10396,For
113,Jens Henrik Thulesen Dahl,DD,20251,23,10396,Imod
119,Dennis Flydtkjær,DD,20251,23,10396,Imod
34,Søren Espersen,DD,20251,23,10396,Fravær
238,Morten Messerschmidt,DF,20251,23,10396,Fravær
20392,Lars-Christian Brask,LA,20251,23,10396,Fravær
18723,Pernille Vermund,LA,20251,23,10396,Fravær
15779,Carsten Bach,LA,20251,23,10396,Imod
20384,Nanna W. Gotfredsen,M,20251,23,10396,Fravær
20389,Peter Have,M,20251,23,10396,Fravær
20357,Lise Bertelsen,KF,20251,23,10396,For
20369,Helle Bonnesen,KF,20251,23,10396,For
18699,Christoffer Aagaard Melson,V,20251,23,10396,For
18695,Kim Valentin,V,20251,23,10396,For
168,Anni Matthiesen,V,20251,23,10396,For
127,Preben Bang Henriksen,V,20251,23,10396,For
1146,Marlene Harpsøe,DD,20251,23,10396,Imod
162,Karina Adsbøl,DD,20251,23,10396,Fravær
18,Alex Ahrendtsen,DF,20251,23,10396,Fravær
252,Pia Kjærsgaard,DF,20251,23,10396,Imod
20393,Katrine Daugaard,LA,20251,23,10396,Fravær
20396,Jens Meilvang,LA,20251,23,10396,Imod
20399,Louise Brown,LA,20251,23,10396,Imod
21159,Ammar Ali,M,20251,23,10396,For
20496,Henrik Rejnholt Andersen,M,20251,23,10396,For
18725,Samira Nawa,RV,20251,23,10396,For
141,Martin Lidegaard,RV,20251,23,10396,Fravær
20351,Franciska Rosenkilde,ALT,20251,23,10396,Fravær
20966,Frederik Bloch Münster,KF,20251,23,10396,Fravær
20925,Dina Raabjerg,KF,20251,23,10396,For
21168,Erik Veje Rasmussen,V,20251,23,10396,Fravær
20371,Linea Søgaard-Lidell,V,20251,23,10396,For
18700,Heidi Bank,V,20251,23,10396,For
134,Christian Friis Bach,V,20251,23,10396,For
20374,Kenneth Fredslund Petersen,DD,20251,23,10396,Imod
17629,Mads Fuglede,DD,20251,23,10396,Imod
15774,Lise Bech,DD,20251,23,10396,Fravær
18721,Mette Thiesen,DF,20251,23,10396,Imod
15763,Peter Kofod,DF,20251,23,10396,Imod
20400,Sandra Elisabeth Skalvig,LA,20251,23,10396,Imod
20394,Steffen W. Frølund,LA,20251,23,10396,Fravær
20397,Steffen Larsen,LA,20251,23,10396,Fravær
20378,Rosa Eriksen,M,20251,23,10396,For
20386,Rasmus Lund-Nielsen,M,20251,23,10396,For
112,Lotte Rod,RV,20251,23,10396,Fravær
191,Zenia Stampe,RV,20251,23,10396,For
20352,Helene Brydensholt,ALT,20251,23,10396,Fravær
15775,Torsten Gejl,ALT,20251,23,10396,Fravær
262,Sjúrður Skaale,JF,20251,23,10396,Fravær
20372,Betina Kastbjerg,DD,20251,23,10396,Imod
20375,Charlotte Munch Pasler,DD,20251,23,10396,Imod
20356,Mikkel Bjørn,DF,20251,23,10396,Imod
20350,Nick Zimmermann,DF,20251,23,10396,Fravær
20820,Carl Andersen,LA,20251,23,10396,Imod
20398,Helena Artmann Andresen,LA,20251,23,10396,Imod
20395,Alexander Ryle,LA,20251,23,10396,Imod
18726,Stinus Lindgreen,RV,20251,23,10396,For
18729,Katrine Robsøe,RV,20251,23,10396,For
20370,Christina Olumeko,ALT,20251,23,10396,For
20381,Karin Liltorp,ALT,20251,23,10396,For
20353,Sascha Faxe,ALT,20251,23,10396,For
20349,Anna Falkenberg,SP,20251,23,10396,Fravær
20376,Kristian Bøgsted,DD,20251,23,10396,Imod
20355,Kim Edberg Andersen,DD,20251,23,10396,Fravær
18724,Lars Boje Mathiesen,UFG,20251,23,10396,Imod
18722,Peter Seier Christensen,UFG,20251,23,10396,Fravær
20388,Jon Stephensen,UFG,20251,23,10396,Fravær
20390,Mike Villa Fonseca,UFG,20251,23,10396,Hverken for eller imod
20383,Jeppe Søe,UFG,20251,23,10396,Fravær
20354,Theresa Scavenius,UFG,20251,23,10396,Fravær
21143,Morten Klessen,S,20251,23,10396,For
21044,Lasse Haugaard Pedersen,S,20251,23,10396,For
20781,Gunvor Wibroe,S,20251,23,10396,For
18688,Aki-Matilda Høegh-Dam,N,20251,23,10396,Fravær
20798,Mads Olsen,SF,20251,23,10396,For
20360,Sofie Lippert,SF,20251,23,10396,For
20359,Sigurd Agersnap,SF,20251,23,10396,For
20358,Marianne Bigum,SF,20251,23,10396,Fravær
20366,Thomas Skriver Jensen,S,20251,23,10396,Fravær
20364,Frederik Vad,S,20251,23,10396,For
20930,Louise Mehnke,S,20251,23,10396,Fravær
20367,Kris Jensen Skriver,S,20251,23,10396,For
20363,Sara Emil Baaring,S,20251,23,10396,For
20365,Matilde Powers,S,20251,23,10396,For
20368,Maria Durhuus,S,20251,23,10396,For
19928,Kim Aas,S,20251,23,10396,For
18882,Tanja Larsson,S,20251,23,10396,Fravær
15757,Aaja Chemnitz,IA,20251,23,10396,Fravær
20962,Claus Jørgensen,SF,20251,23,10396,For
18707,Astrid Carøe,SF,20251,23,10396,For
18708,Charlotte Broman Mølbæk,SF,20251,23,10396,Fravær
20411,Leila Stockmarr,EL,20251,23,10396,Fravær
109,Trine Pertou Mach,EL,20251,23,10396,For
18717,Bjørn Brandenborg,S,20251,23,10396,For
18720,Camilla Fabricius,S,20251,23,10396,For
18715,Henrik Møller,S,20251,23,10396,For
273,Per Husted,S,20251,23,10396,For
16503,Anne Paulin,S,20251,23,10396,Fravær
16180,Kasper Roug,S,20251,23,10396,For
16351,Malte Larsen,S,20251,23,10396,For
1619,Yildiz Akdogan,S,20251,23,10396,Fravær
278,Karin Gaardsted,S,20251,23,10396,For
74,Mette Reissmann,S,20251,23,10396,For
208,Simon Kollerup,S,20251,23,10396,For
18704,Halime Oguz,SF,20251,23,10396,For
121,Karina Lorentzen Dehnhardt,SF,20251,23,10396,Fravær
219,Lisbeth Bech-Nielsen,SF,20251,23,10396,Fravær
18694,Victoria Velasquez,EL,20251,23,10396,For
667,Søren Egge Rasmussen,EL,20251,23,10396,Fravær
152,Ida Auken,S,20251,23,10396,For
97,Jesper Petersen,S,20251,23,10396,For
201,Thomas Jensen,S,20251,23,10396,For
224,Flemming Møller Mortensen,S,20251,23,10396,For
38,Astrid Krag,S,20251,23,10396,Fravær
154,Mogens Jensen,S,20251,23,10396,Fravær
257,Bjarne Laustsen,S,20251,23,10396,Fravær
20362,Thomas Monberg,S,20251,23,10396,For
199,Karsten Hønge,SF,20251,23,10396,For
16728,Kirsten Normann Andersen,SF,20251,23,10396,For
110,Rosa Lund,EL,20251,23,10396,Fravær
18693,Mai Villadsen,EL,20251,23,10396,For
18718,Anders Kronborg,S,20251,23,10396,For
15760,Lea Wermelin,S,20251,23,10396,For
118,Trine Bramsen,S,20251,23,10396,For
266,Rasmus Horn Langhoff,S,20251,23,10396,Fravær
18709,Signe Munk,SF,20251,23,10396,For
19000,Theresa Berg Andersen,SF,20251,23,10396,Fravær
176,Søren Søndergaard,EL,20251,23,10396,For
16582,Peder Hvelplund,EL,20251,23,10396,For
213,Jens Joel,S,20251,23,10396,For
120,Benny Engelbrecht,S,20251,23,10396,For
43,Pia Olsen Dyhr,SF,20251,23,10396,Fravær
15777,Pelle Dragsted,EL,20251,23,10396,Fravær
15762,Christian Rabjerg Madsen,S,20251,23,10396,Fravær
260,Leif Lahn Jensen,S,20251,23,10396,Fravær
145,Lars Løkke Rasmussen,M,20251,23,10396,Fravær
206,Troels Lund Poulsen,V,20251,23,10396,Fravær
138,Mette Frederiksen,S,20251,23,10396,Fravær
57,Jakob Engel-Schmidt,M,20251,23,10396,Fravær
15776,Peter Hummelgaard,S,20251,23,10396,For
130,Sophie Løhde,V,20251,23,10396,For
12,Nicolai Wammen,S,20251,23,10396,Fravær
214,Jeppe Bruus,S,20251,23,10396,For
15787,Kaare Dybvad Bek,S,20251,23,10396,For
15770,Mattias Tesfaye,S,20251,23,10396,Fravær
286,Ane Halsboe-Jørgensen,S,20251,23,10396,For
244,Magnus Heunicke,S,20251,23,10396,For
220,Morten Bødskov,S,20251,23,10396,Fravær
20382,Mette Kierkgaard,M,20251,23,10396,Fravær
139,Thomas Danielsen,V,20251,23,10396,Fravær
173,Jacob Jensen,V,20251,23,10396,Fravær
80,Torsten Schack Pedersen,V,20251,23,10396,Fravær
18696,Morten Dahlin,V,20251,23,10396,Fravær
18701,Marie Bjerre,V,20251,23,10396,For
18716,Rasmus Stoklund,S,20251,23,10396,For
18719,Birgitte Vind,S,20251,23,10396,Fravær
18713,Mona Juul,KF,20251,44,10453,Imod
102,Jan E. Jørgensen,V,20251,44,10453,Imod
164,Hans Andersen,V,20251,44,10453,Fravær
182,Inger Støjberg,DD,20251,44,10453,For
48,Peter Skaarup,DD,20251,44,10453,Fravær
18703,Alex Vanopslagh,LA,20251,44,10453,Fravær
20377,Henrik Frandsen,M,20251,44,10453,Fravær
21194,Joachim Hoffmann-Petersen,KF,20251,44,10453,Fravær
15793,Mette Abildgaard,KF,20251,44,10453,Imod
180,Peter Juel-Jensen,V,20251,44,10453,Imod
49,Erling Bonnesen,V,20251,44,10453,Imod
125,Hans Christian Schmidt,V,20251,44,10453,Imod
20373,Susie Jessen,DD,20251,44,10453,Fravær
82,Hans Kristian Skibby,DD,20251,44,10453,For
20391,Sólbjørg Jakobsen,LA,20251,44,10453,For
99,Ole Birk Olesen,LA,20251,44,10453,For
20385,Charlotte Bagge Hansen,M,20251,44,10453,Fravær
20415,Mohammad Rona,M,20251,44,10453,Imod
11702,Per Larsen,KF,20251,44,10453,Imod
17141,Brigitte Klintskov Jerkel,KF,20251,44,10453,Imod
1454,Rasmus Jarlov,KF,20251,44,10453,Fravær
127,Preben Bang Henriksen,V,20251,44,10453,Imod
93,Louise Elholm,V,20251,44,10453,Imod
113,Jens Henrik Thulesen Dahl,DD,20251,44,10453,For
119,Dennis Flydtkjær,DD,20251,44,10453,For
34,Søren Espersen,DD,20251,44,10453,For
238,Morten Messerschmidt,DF,20251,44,10453,Fravær
20392,Lars-Christian Brask,LA,20251,44,10453,Fravær
18723,Pernille Vermund,LA,20251,44,10453,Fravær
15779,Carsten Bach,LA,20251,44,10453,Fravær
20384,Nanna W. Gotfredsen,M,20251,44,10453,Imod
20389,Peter Have,M,20251,44,10453,Imod
20357,Lise Bertelsen,KF,20251,44,10453,Fravær
20369,Helle Bonnesen,KF,20251,44,10453,Imod
134,Christian Friis Bach,V,20251,44,10453,Fravær
18699,Christoffer Aagaard Melson,V,20251,44,10453,Imod
18695,Kim Valentin,V,20251,44,10453,Imod
168,Anni Matthiesen,V,20251,44,10453,Imod
1146,Marlene Harpsøe,DD,20251,44,10453,Fravær
162,Karina Adsbøl,DD,20251,44,10453,Fravær
18,Alex Ahrendtsen,DF,20251,44,10453,For
252,Pia Kjærsgaard,DF,20251,44,10453,Fravær
20393,Katrine Daugaard,LA,20251,44,10453,For
20396,Jens Meilvang,LA,20251,44,10453,For
20399,Louise Brown,LA,20251,44,10453,For
21159,Ammar Ali,M,20251,44,10453,Imod
20496,Henrik Rejnholt Andersen,M,20251,44,10453,Imod
18725,Samira Nawa,RV,20251,44,10453,Imod
141,Martin Lidegaard,RV,20251,44,10453,Fravær
20351,Franciska Rosenkilde,ALT,20251,44,10453,Fravær
20966,Frederik Bloch Münster,KF,20251,44,10453,Fravær
20925,Dina Raabjerg,KF,20251,44,10453,Imod
21168,Erik Veje Rasmussen,V,20251,44,10453,Imod
20371,Linea Søgaard-Lidell,V,20251,44,10453,Imod
18698,Marlene Ambo-Rasmussen,V,20251,44,10453,Fravær
18700,Heidi Bank,V,20251,44,10453,Fravær
20374,Kenneth Fredslund Petersen,DD,20251,44,10453,For
17629,Mads Fuglede,DD,20251,44,10453,Fravær
15774,Lise Bech,DD,20251,44,10453,Fravær
18721,Mette Thiesen,DF,20251,44,10453,Fravær
15763,Peter Kofod,DF,20251,44,10453,For
20400,Sandra Elisabeth Skalvig,LA,20251,44,10453,For
20394,Steffen W. Frølund,LA,20251,44,10453,For
20397,Steffen Larsen,LA,20251,44,10453,Fravær
20378,Rosa Eriksen,M,20251,44,10453,Imod
20386,Rasmus Lund-Nielsen,M,20251,44,10453,Imod
112,Lotte Rod,RV,20251,44,10453,Fravær
191,Zenia Stampe,RV,20251,44,10453,Imod
20352,Helene Brydensholt,ALT,20251,44,10453,Imod
15775,Torsten Gejl,ALT,20251,44,10453,Imod
262,Sjúrður Skaale,JF,20251,44,10453,Fravær
20372,Betina Kastbjerg,DD,20251,44,10453,Fravær
20375,Charlotte Munch Pasler,DD,20251,44,10453,For
20356,Mikkel Bjørn,DF,20251,44,10453,For
20350,Nick Zimmermann,DF,20251,44,10453,Fravær
20820,Carl Andersen,LA,20251,44,10453,Fravær
20398,Helena Artmann Andresen,LA,20251,44,10453,For
20395,Alexander Ryle,LA,20251,44,10453,For
18726,Stinus Lindgreen,RV,20251,44,10453,Fravær
18729,Katrine Robsøe,RV,20251,44,10453,Imod
20370,Christina Olumeko,ALT,20251,44,10453,Fravær
20381,Karin Liltorp,ALT,20251,44,10453,Imod
20353,Sascha Faxe,ALT,20251,44,10453,Fravær
20349,Anna Falkenberg,SP,20251,44,10453,Imod
20376,Kristian Bøgsted,DD,20251,44,10453,For
20355,Kim Edberg Andersen,DD,20251,44,10453,Fravær
18724,Lars Boje Mathiesen,UFG,20251,44,10453,Fravær
18722,Peter Seier Christensen,UFG,20251,44,10453,Fravær
20388,Jon Stephensen,UFG,20251,44,10453,Fravær
20390,Mike Villa Fonseca,UFG,20251,44,10453,Fravær
20383,Jeppe Søe,UFG,20251,44,10453,Fravær
20354,Theresa Scavenius,UFG,20251,44,10453,Fravær
21143,Morten Klessen,S,20251,44,10453,Imod
21044,Lasse Haugaard Pedersen,S,20251,44,10453,Imod
20781,Gunvor Wibroe,S,20251,44,10453,Imod
18688,Aki-Matilda Høegh-Dam,N,20251,44,10453,Fravær
20798,Mads Olsen,SF,20251,44,10453,Imod
20360,Sofie Lippert,SF,20251,44,10453,Fravær
20359,Sigurd Agersnap,SF,20251,44,10453,Imod
20358,Marianne Bigum,SF,20251,44,10453,Fravær
20366,Thomas Skriver Jensen,S,20251,44,10453,Fravær
20364,Frederik Vad,S,20251,44,10453,Imod
20930,Louise Mehnke,S,20251,44,10453,Fravær
20367,Kris Jensen Skriver,S,20251,44,10453,Imod
20363,Sara Emil Baaring,S,20251,44,10453,Imod
20365,Matilde Powers,S,20251,44,10453,Imod
20368,Maria Durhuus,S,20251,44,10453,Imod
19928,Kim Aas,S,20251,44,10453,Imod
18882,Tanja Larsson,S,20251,44,10453,Fravær
15757,Aaja Chemnitz,IA,20251,44,10453,Fravær
20962,Claus Jørgensen,SF,20251,44,10453,Fravær
18707,Astrid Carøe,SF,20251,44,10453,Imod
18708,Charlotte Broman Mølbæk,SF,20251,44,10453,Imod
20411,Leila Stockmarr,EL,20251,44,10453,Fravær
109,Trine Pertou Mach,EL,20251,44,10453,Fravær
18717,Bjørn Brandenborg,S,20251,44,10453,Imod
18720,Camilla Fabricius,S,20251,44,10453,Imod
18715,Henrik Møller,S,20251,44,10453,Fravær
273,Per Husted,S,20251,44,10453,Imod
16503,Anne Paulin,S,20251,44,10453,Fravær
16180,Kasper Roug,S,20251,44,10453,Fravær
16351,Malte Larsen,S,20251,44,10453,Imod
1619,Yildiz Akdogan,S,20251,44,10453,Imod
278,Karin Gaardsted,S,20251,44,10453,Imod
74,Mette Reissmann,S,20251,44,10453,Imod
208,Simon Kollerup,S,20251,44,10453,Imod
18704,Halime Oguz,SF,20251,44,10453,Fravær
121,Karina Lorentzen Dehnhardt,SF,20251,44,10453,Imod
219,Lisbeth Bech-Nielsen,SF,20251,44,10453,Fravær
18694,Victoria Velasquez,EL,20251,44,10453,Hverken for eller imod
667,Søren Egge Rasmussen,EL,20251,44,10453,Hverken for eller imod
152,Ida Auken,S,20251,44,10453,Imod
97,Jesper Petersen,S,20251,44,10453,Imod
201,Thomas Jensen,S,20251,44,10453,Imod
224,Flemming Møller Mortensen,S,20251,44,10453,Imod
38,Astrid Krag,S,20251,44,10453,Fravær
154,Mogens Jensen,S,20251,44,10453,Fravær
257,Bjarne Laustsen,S,20251,44,10453,Imod
20362,Thomas Monberg,S,20251,44,10453,Imod
199,Karsten Hønge,SF,20251,44,10453,Imod
16728,Kirsten Normann Andersen,SF,20251,44,10453,Imod
110,Rosa Lund,EL,20251,44,10453,Fravær
18693,Mai Villadsen,EL,20251,44,10453,Fravær
18718,Anders Kronborg,S,20251,44,10453,Imod
18719,Birgitte Vind,S,20251,44,10453,Imod
15760,Lea Wermelin,S,20251,44,10453,Fravær
118,Trine Bramsen,S,20251,44,10453,Fravær
266,Rasmus Horn Langhoff,S,20251,44,10453,Imod
18709,Signe Munk,SF,20251,44,10453,Imod
19000,Theresa Berg Andersen,SF,20251,44,10453,Fravær
176,Søren Søndergaard,EL,20251,44,10453,Hverken for eller imod
16582,Peder Hvelplund,EL,20251,44,10453,Hverken for eller imod
213,Jens Joel,S,20251,44,10453,Imod
120,Benny Engelbrecht,S,20251,44,10453,Imod
43,Pia Olsen Dyhr,SF,20251,44,10453,Fravær
15777,Pelle Dragsted,EL,20251,44,10453,Fravær
15762,Christian Rabjerg Madsen,S,20251,44,10453,Imod
260,Leif Lahn Jensen,S,20251,44,10453,Imod
145,Lars Løkke Rasmussen,M,20251,44,10453,Fravær
206,Troels Lund Poulsen,V,20251,44,10453,Fravær
138,Mette Frederiksen,S,20251,44,10453,Fravær
57,Jakob Engel-Schmidt,M,20251,44,10453,Fravær
15776,Peter Hummelgaard,S,20251,44,10453,Fravær
130,Sophie Løhde,V,20251,44,10453,Fravær
12,Nicolai Wammen,S,20251,44,10453,Imod
214,Jeppe Bruus,S,20251,44,10453,Fravær
15787,Kaare Dybvad Bek,S,20251,44,10453,Imod
15770,Mattias Tesfaye,S,20251,44,10453,Fravær
286,Ane Halsboe-Jørgensen,S,20251,44,10453,Imod
244,Magnus Heunicke,S,20251,44,10453,Fravær
220,Morten Bødskov,S,20251,44,10453,Fravær
20382,Mette Kierkgaard,M,20251,44,10453,Fravær
139,Thomas Danielsen,V,20251,44,10453,Fravær
173,Jacob Jensen,V,20251,44,10453,Fravær
80,Torsten Schack Pedersen,V,20251,44,10453,Imod
18696,Morten Dahlin,V,20251,44,10453,Fravær
18701,Marie Bjerre,V,20251,44,10453,Fravær
18716,Rasmus Stoklund,S,20251,44,10453,Fravær
1845,Søren Gade,V,20251,44,10453,Imod
18713,Mona Juul,KF,20251,68,10475,Imod
102,Jan E. Jørgensen,V,20251,68,10475,Imod
164,Hans Andersen,V,20251,68,10475,Fravær
182,Inger Støjberg,DD,20251,68,10475,For
48,Peter Skaarup,DD,20251,68,10475,Fravær
18703,Alex Vanopslagh,LA,20251,68,10475,Fravær
20377,Henrik Frandsen,M,20251,68,10475,Fravær
21194,Joachim Hoffmann-Petersen,KF,20251,68,10475,Fravær
15793,Mette Abildgaard,KF,20251,68,10475,Imod
180,Peter Juel-Jensen,V,20251,68,10475,Imod
49,Erling Bonnesen,V,20251,68,10475,Imod
125,Hans Christian Schmidt,V,20251,68,10475,Imod
20373,Susie Jessen,DD,20251,68,10475,Fravær
82,Hans Kristian Skibby,DD,20251,68,10475,For
20391,Sólbjørg Jakobsen,LA,20251,68,10475,For
99,Ole Birk Olesen,LA,20251,68,10475,For
20385,Charlotte Bagge Hansen,M,20251,68,10475,Fravær
20415,Mohammad Rona,M,20251,68,10475,Imod
11702,Per Larsen,KF,20251,68,10475,Imod
17141,Brigitte Klintskov Jerkel,KF,20251,68,10475,Imod
1454,Rasmus Jarlov,KF,20251,68,10475,Fravær
127,Preben Bang Henriksen,V,20251,68,10475,Imod
93,Louise Elholm,V,20251,68,10475,Imod
113,Jens Henrik Thulesen Dahl,DD,20251,68,10475,For
119,Dennis Flydtkjær,DD,20251,68,10475,For
34,Søren Espersen,DD,20251,68,10475,For
238,Morten Messerschmidt,DF,20251,68,10475,Fravær
20392,Lars-Christian Brask,LA,20251,68,10475,Fravær
18723,Pernille Vermund,LA,20251,68,10475,Fravær
15779,Carsten Bach,LA,20251,68,10475,Fravær
20384,Nanna W. Gotfredsen,M,20251,68,10475,Imod
20389,Peter Have,M,20251,68,10475,Imod
20357,Lise Bertelsen,KF,20251,68,10475,Fravær
20369,Helle Bonnesen,KF,20251,68,10475,Imod
134,Christian Friis Bach,V,20251,68,10475,Fravær
18699,Christoffer Aagaard Melson,V,20251,68,10475,Imod
18695,Kim Valentin,V,20251,68,10475,Imod
168,Anni Matthiesen,V,20251,68,10475,Imod
1146,Marlene Harpsøe,DD,20251,68,10475,Fravær
162,Karina Adsbøl,DD,20251,68,10475,Fravær
18,Alex Ahrendtsen,DF,20251,68,10475,For
252,Pia Kjærsgaard,DF,20251,68,10475,Fravær
20393,Katrine Daugaard,LA,20251,68,10475,For
20396,Jens Meilvang,LA,20251,68,10475,For
20399,Louise Brown,LA,20251,68,10475,For
21159,Ammar Ali,M,20251,68,10475,Imod
20496,Henrik Rejnholt Andersen,M,20251,68,10475,Imod
18725,Samira Nawa,RV,20251,68,10475,Imod
141,Martin Lidegaard,RV,20251,68,10475,Fravær
20351,Franciska Rosenkilde,ALT,20251,68,10475,Fravær
20966,Frederik Bloch Münster,KF,20251,68,10475,Fravær
20925,Dina Raabjerg,KF,20251,68,10475,Imod
21168,Erik Veje Rasmussen,V,20251,68,10475,Imod
20371,Linea Søgaard-Lidell,V,20251,68,10475,Imod
18698,Marlene Ambo-Rasmussen,V,20251,68,10475,Fravær
18700,Heidi Bank,V,20251,68,10475,Fravær
20374,Kenneth Fredslund Petersen,DD,20251,68,10475,For
17629,Mads Fuglede,DD,20251,68,10475,Fravær
15774,Lise Bech,DD,20251,68,10475,Fravær
18721,Mette Thiesen,DF,20251,68,10475,Fravær
15763,Peter Kofod,DF,20251,68,10475,For
20400,Sandra Elisabeth Skalvig,LA,20251,68,10475,For
20394,Steffen W. Frølund,LA,20251,68,10475,For
20397,Steffen Larsen,LA,20251,68,10475,Fravær
20378,Rosa Eriksen,M,20251,68,10475,Imod
20386,Rasmus Lund-Nielsen,M,20251,68,10475,Imod
112,Lotte Rod,RV,20251,68,10475,Fravær
191,Zenia Stampe,RV,20251,68,10475,Imod
20352,Helene Brydensholt,ALT,20251,68,10475,Imod
15775,Torsten Gejl,ALT,20251,68,10475,Imod
262,Sjúrður Skaale,JF,20251,68,10475,Fravær
20372,Betina Kastbjerg,DD,20251,68,10475,Fravær
20375,Charlotte Munch Pasler,DD,20251,68,10475,For
20356,Mikkel Bjørn,DF,20251,68,10475,For
20350,Nick Zimmermann,DF,20251,68,10475,Fravær
20820,Carl Andersen,LA,20251,68,10475,Fravær
20398,Helena Artmann Andresen,LA,20251,68,10475,For
20395,Alexander Ryle,LA,20251,68,10475,For
18726,Stinus Lindgreen,RV,20251,68,10475,Fravær
18729,Katrine Robsøe,RV,20251,68,10475,Imod
20370,Christina Olumeko,ALT,20251,68,10475,Fravær
20381,Karin Liltorp,ALT,20251,68,10475,Imod
20353,Sascha Faxe,ALT,20251,68,10475,Fravær
20349,Anna Falkenberg,SP,20251,68,10475,Imod
20376,Kristian Bøgsted,DD,20251,68,10475,For
20355,Kim Edberg Andersen,DD,20251,68,10475,Fravær
18724,Lars Boje Mathiesen,UFG,20251,68,10475,Fravær
18722,Peter Seier Christensen,UFG,20251,68,10475,Fravær
20388,Jon Stephensen,UFG,20251,68,10475,Fravær
20390,Mike Villa Fonseca,UFG,20251,68,10475,Fravær
20383,Jeppe Søe,UFG,20251,68,10475,Fravær
20354,Theresa Scavenius,UFG,20251,68,10475,Fravær
21143,Morten Klessen,S,20251,68,10475,Imod
21044,Lasse Haugaard Pedersen,S,20251,68,10475,Imod
20781,Gunvor Wibroe,S,20251,68,10475,Imod
18688,Aki-Matilda Høegh-Dam,N,20251,68,10475,Fravær
20798,Mads Olsen,SF,20251,68,10475,Imod
20360,Sofie Lippert,SF,20251,68,10475,Fravær
20359,Sigurd Agersnap,SF,20251,68,10475,Imod
20358,Marianne Bigum,SF,20251,68,10475,Fravær
20366,Thomas Skriver Jensen,S,20251,68,10475,Fravær
20364,Frederik Vad,S,20251,68,10475,Imod
20930,Louise Mehnke,S,20251,68,10475,Fravær
20367,Kris Jensen Skriver,S,20251,68,10475,Imod
20363,Sara Emil Baaring,S,20251,68,10475,Imod
20365,Matilde Powers,S,20251,68,10475,Imod
20368,Maria Durhuus,S,20251,68,10475,Imod
19928,Kim Aas,S,20251,68,10475,Imod
18882,Tanja Larsson,S,20251,68,10475,Fravær
15757,Aaja Chemnitz,IA,20251,68,10475,Fravær
20962,Claus Jørgensen,SF,20251,68,10475,Fravær
18707,Astrid Carøe,SF,20251,68,10475,Imod
18708,Charlotte Broman Mølbæk,SF,20251,68,10475,Imod
20411,Leila Stockmarr,EL,20251,68,10475,Fravær
109,Trine Pertou Mach,EL,20251,68,10475,Fravær
18717,Bjørn Brandenborg,S,20251,68,10475,Imod
18720,Camilla Fabricius,S,20251,68,10475,Imod
18715,Henrik Møller,S,20251,68,10475,Fravær
273,Per Husted,S,20251,68,10475,Imod
16503,Anne Paulin,S,20251,68,10475,Fravær
16180,Kasper Roug,S,20251,68,10475,Fravær
16351,Malte Larsen,S,20251,68,10475,Imod
1619,Yildiz Akdogan,S,20251,68,10475,Imod
278,Karin Gaardsted,S,20251,68,10475,Imod
74,Mette Reissmann,S,20251,68,10475,Imod
208,Simon Kollerup,S,20251,68,10475,Imod
18704,Halime Oguz,SF,20251,68,10475,Fravær
121,Karina Lorentzen Dehnhardt,SF,20251,68,10475,Imod
219,Lisbeth Bech-Nielsen,SF,20251,68,10475,Fravær
18694,Victoria Velasquez,EL,20251,68,10475,Imod
667,Søren Egge Rasmussen,EL,20251,68,10475,Imod
152,Ida Auken,S,20251,68,10475,Imod
97,Jesper Petersen,S,20251,68,10475,Imod
201,Thomas Jensen,S,20251,68,10475,Imod
224,Flemming Møller Mortensen,S,20251,68,10475,Imod
38,Astrid Krag,S,20251,68,10475,Fravær
154,Mogens Jensen,S,20251,68,10475,Fravær
257,Bjarne Laustsen,S,20251,68,10475,Imod
20362,Thomas Monberg,S,20251,68,10475,Imod
199,Karsten Hønge,SF,20251,68,10475,Imod
16728,Kirsten Normann Andersen,SF,20251,68,10475,Imod
110,Rosa Lund,EL,20251,68,10475,Fravær
18693,Mai Villadsen,EL,20251,68,10475,Fravær
18718,Anders Kronborg,S,20251,68,10475,Imod
18719,Birgitte Vind,S,20251,68,10475,Imod
15760,Lea Wermelin,S,20251,68,10475,Fravær
118,Trine Bramsen,S,20251,68,10475,Fravær
266,Rasmus Horn Langhoff,S,20251,68,10475,Imod
18709,Signe Munk,SF,20251,68,10475,Imod
19000,Theresa Berg Andersen,SF,20251,68,10475,Fravær
176,Søren Søndergaard,EL,20251,68,10475,Imod
16582,Peder Hvelplund,EL,20251,68,10475,Imod
213,Jens Joel,S,20251,68,10475,Imod
120,Benny Engelbrecht,S,20251,68,10475,Imod
43,Pia Olsen Dyhr,SF,20251,68,10475,Fravær
15777,Pelle Dragsted,EL,20251,68,10475,Imod
15762,Christian Rabjerg Madsen,S,20251,68,10475,Imod
260,Leif Lahn Jensen,S,20251,68,10475,Imod
145,Lars Løkke Rasmussen,M,20251,68,10475,Fravær
206,Troels Lund Poulsen,V,20251,68,10475,Fravær
138,Mette Frederiksen,S,20251,68,10475,Fravær
57,Jakob Engel-Schmidt,M,20251,68,10475,Fravær
15776,Peter Hummelgaard,S,20251,68,10475,Fravær
130,Sophie Løhde,V,20251,68,10475,Fravær
12,Nicolai Wammen,S,20251,68,10475,Imod
214,Jeppe Bruus,S,20251,68,10475,Fravær
15787,Kaare Dybvad Bek,S,20251,68,10475,Imod
15770,Mattias Tesfaye,S,20251,68,10475,Fravær
286,Ane Halsboe-Jørgensen,S,20251,68,10475,Imod
244,Magnus Heunicke,S,20251,68,10475,Fravær
220,Morten Bødskov,S,20251,68,10475,Fravær
20382,Mette Kierkgaard,M,20251,68,10475,Fravær
139,Thomas Danielsen,V,20251,68,10475,Fravær
173,Jacob Jensen,V,20251,68,10475,Fravær
80,Torsten Schack Pedersen,V,20251,68,10475,Imod
18696,Morten Dahlin,V,20251,68,10475,Fravær
18701,Marie Bjerre,V,20251,68,10475,Fravær
18716,Rasmus Stoklund,S,20251,68,10475,Fravær
1845,Søren Gade,V,20251,68,10475,Imod
18713,Mona Juul,KF,20251,91,10496,Imod
102,Jan E. Jørgensen,V,20251,91,10496,Imod
164,Hans Andersen,V,20251,91,10496,Fravær
182,Inger Støjberg,DD,20251,91,10496,For
48,Peter Skaarup,DD,20251,91,10496,Fravær
18703,Alex Vanopslagh,LA,20251,91,10496,Fravær
20377,Henrik Frandsen,M,20251,91,10496,Fravær
21194,Joachim Hoffmann-Petersen,KF,20251,91,10496,Fravær
15793,Mette Abildgaard,KF,20251,91,10496,Imod
180,Peter Juel-Jensen,V,20251,91,10496,Imod
49,Erling Bonnesen,V,20251,91,10496,Imod
125,Hans Christian Schmidt,V,20251,91,10496,Imod
20373,Susie Jessen,DD,20251,91,10496,Fravær
82,Hans Kristian Skibby,DD,20251,91,10496,For
20391,Sólbjørg Jakobsen,LA,20251,91,10496,Imod
99,Ole Birk Olesen,LA,20251,91,10496,Imod
20385,Charlotte Bagge Hansen,M,20251,91,10496,Fravær
20415,Mohammad Rona,M,20251,91,10496,Imod
11702,Per Larsen,KF,20251,91,10496,Imod
17141,Brigitte Klintskov Jerkel,KF,20251,91,10496,Imod
1454,Rasmus Jarlov,KF,20251,91,10496,Fravær
127,Preben Bang Henriksen,V,20251,91,10496,Imod
93,Louise Elholm,V,20251,91,10496,Imod
113,Jens Henrik Thulesen Dahl,DD,20251,91,10496,For
119,Dennis Flydtkjær,DD,20251,91,10496,For
34,Søren Espersen,DD,20251,91,10496,For
238,Morten Messerschmidt,DF,20251,91,10496,Fravær
20392,Lars-Christian Brask,LA,20251,91,10496,Fravær
18723,Pernille Vermund,LA,20251,91,10496,Fravær
15779,Carsten Bach,LA,20251,91,10496,Fravær
20384,Nanna W. Gotfredsen,M,20251,91,10496,Imod
20389,Peter Have,M,20251,91,10496,Imod
20357,Lise Bertelsen,KF,20251,91,10496,Fravær
20369,Helle Bonnesen,KF,20251,91,10496,Imod
134,Christian Friis Bach,V,20251,91,10496,Fravær
18699,Christoffer Aagaard Melson,V,20251,91,10496,Imod
18695,Kim Valentin,V,20251,91,10496,Imod
168,Anni Matthiesen,V,20251,91,10496,Imod
1146,Marlene Harpsøe,DD,20251,91,10496,Fravær
162,Karina Adsbøl,DD,20251,91,10496,Fravær
18,Alex Ahrendtsen,DF,20251,91,10496,For
252,Pia Kjærsgaard,DF,20251,91,10496,Fravær
20393,Katrine Daugaard,LA,20251,91,10496,Imod
20396,Jens Meilvang,LA,20251,91,10496,Imod
20399,Louise Brown,LA,20251,91,10496,Imod
21159,Ammar Ali,M,20251,91,10496,Imod
20496,Henrik Rejnholt Andersen,M,20251,91,10496,Imod
18725,Samira Nawa,RV,20251,91,10496,Imod
141,Martin Lidegaard,RV,20251,91,10496,Fravær
20351,Franciska Rosenkilde,ALT,20251,91,10496,Fravær
20966,Frederik Bloch Münster,KF,20251,91,10496,Fravær
20925,Dina Raabjerg,KF,20251,91,10496,Imod
21168,Erik Veje Rasmussen,V,20251,91,10496,Imod
20371,Linea Søgaard-Lidell,V,20251,91,10496,Imod
18698,Marlene Ambo-Rasmussen,V,20251,91,10496,Fravær
18700,Heidi Bank,V,20251,91,10496,Fravær
20374,Kenneth Fredslund Petersen,DD,20251,91,10496,For
17629,Mads Fuglede,DD,20251,91,10496,Fravær
15774,Lise Bech,DD,20251,91,10496,Fravær
18721,Mette Thiesen,DF,20251,91,10496,Fravær
15763,Peter Kofod,DF,20251,91,10496,For
20400,Sandra Elisabeth Skalvig,LA,20251,91,10496,Imod
20394,Steffen W. Frølund,LA,20251,91,10496,Imod
20397,Steffen Larsen,LA,20251,91,10496,Fravær
20378,Rosa Eriksen,M,20251,91,10496,Imod
20386,Rasmus Lund-Nielsen,M,20251,91,10496,Imod
112,Lotte Rod,RV,20251,91,10496,Fravær
191,Zenia Stampe,RV,20251,91,10496,Imod
20352,Helene Brydensholt,ALT,20251,91,10496,Imod
15775,Torsten Gejl,ALT,20251,91,10496,Imod
262,Sjúrður Skaale,JF,20251,91,10496,Fravær
20372,Betina Kastbjerg,DD,20251,91,10496,Fravær
20375,Charlotte Munch Pasler,DD,20251,91,10496,For
20356,Mikkel Bjørn,DF,20251,91,10496,For
20350,Nick Zimmermann,DF,20251,91,10496,Fravær
20820,Carl Andersen,LA,20251,91,10496,Fravær
20398,Helena Artmann Andresen,LA,20251,91,10496,Imod
20395,Alexander Ryle,LA,20251,91,10496,Imod
18726,Stinus Lindgreen,RV,20251,91,10496,Fravær
18729,Katrine Robsøe,RV,20251,91,10496,Imod
20370,Christina Olumeko,ALT,20251,91,10496,Fravær
20381,Karin Liltorp,ALT,20251,91,10496,Imod
20353,Sascha Faxe,ALT,20251,91,10496,Fravær
20349,Anna Falkenberg,SP,20251,91,10496,Imod
20376,Kristian Bøgsted,DD,20251,91,10496,For
20355,Kim Edberg Andersen,DD,20251,91,10496,Fravær
18724,Lars Boje Mathiesen,UFG,20251,91,10496,Fravær
18722,Peter Seier Christensen,UFG,20251,91,10496,Fravær
20388,Jon Stephensen,UFG,20251,91,10496,Fravær
20390,Mike Villa Fonseca,UFG,20251,91,10496,Fravær
20383,Jeppe Søe,UFG,20251,91,10496,Fravær
20354,Theresa Scavenius,UFG,20251,91,10496,Fravær
21143,Morten Klessen,S,20251,91,10496,Imod
21044,Lasse Haugaard Pedersen,S,20251,91,10496,Imod
20781,Gunvor Wibroe,S,20251,91,10496,Imod
18688,Aki-Matilda Høegh-Dam,N,20251,91,10496,Fravær
20798,Mads Olsen,SF,20251,91,10496,Imod
20360,Sofie Lippert,SF,20251,91,10496,Fravær
20359,Sigurd Agersnap,SF,20251,91,10496,Imod
20358,Marianne Bigum,SF,20251,91,10496,Fravær
20366,Thomas Skriver Jensen,S,20251,91,10496,Fravær
20364,Frederik Vad,S,20251,91,10496,Imod
20930,Louise Mehnke,S,20251,91,10496,Fravær
20367,Kris Jensen Skriver,S,20251,91,10496,Imod
20363,Sara Emil Baaring,S,20251,91,10496,Imod
20365,Matilde Powers,S,20251,91,10496,Imod
20368,Maria Durhuus,S,20251,91,10496,Imod
19928,Kim Aas,S,20251,91,10496,Imod
18882,Tanja Larsson,S,20251,91,10496,Fravær
15757,Aaja Chemnitz,IA,20251,91,10496,Fravær
20962,Claus Jørgensen,SF,20251,91,10496,Fravær
18707,Astrid Carøe,SF,20251,91,10496,Imod
18708,Charlotte Broman Mølbæk,SF,20251,91,10496,Imod
20411,Leila Stockmarr,EL,20251,91,10496,Fravær
109,Trine Pertou Mach,EL,20251,91,10496,Fravær
18717,Bjørn Brandenborg,S,20251,91,10496,Imod
18720,Camilla Fabricius,S,20251,91,10496,Imod
18715,Henrik Møller,S,20251,91,10496,Fravær
273,Per Husted,S,20251,91,10496,Imod
16503,Anne Paulin,S,20251,91,10496,Fravær
16180,Kasper Roug,S,20251,91,10496,Fravær
16351,Malte Larsen,S,20251,91,10496,Imod
1619,Yildiz Akdogan,S,20251,91,10496,Imod
278,Karin Gaardsted,S,20251,91,10496,Imod
74,Mette Reissmann,S,20251,91,10496,Imod
208,Simon Kollerup,S,20251,91,10496,Imod
18704,Halime Oguz,SF,20251,91,10496,Fravær
121,Karina Lorentzen Dehnhardt,SF,20251,91,10496,Imod
219,Lisbeth Bech-Nielsen,SF,20251,91,10496,Fravær
18694,Victoria Velasquez,EL,20251,91,10496,Imod
667,Søren Egge Rasmussen,EL,20251,91,10496,Imod
152,Ida Auken,S,20251,91,10496,Imod
97,Jesper Petersen,S,20251,91,10496,Imod
201,Thomas Jensen,S,20251,91,10496,Imod
224,Flemming Møller Mortensen,S,20251,91,10496,Imod
38,Astrid Krag,S,20251,91,10496,Fravær
154,Mogens Jensen,S,20251,91,10496,Fravær
257,Bjarne Laustsen,S,20251,91,10496,Imod
20362,Thomas Monberg,S,20251,91,10496,Imod
199,Karsten Hønge,SF,20251,91,10496,Imod
16728,Kirsten Normann Andersen,SF,20251,91,10496,Imod
110,Rosa Lund,EL,20251,91,10496,Fravær
18693,Mai Villadsen,EL,20251,91,10496,Fravær
18718,Anders Kronborg,S,20251,91,10496,Fravær
18719,Birgitte Vind,S,20251,91,10496,Imod
15760,Lea Wermelin,S,20251,91,10496,Fravær
118,Trine Bramsen,S,20251,91,10496,Fravær
266,Rasmus Horn Langhoff,S,20251,91,10496,Imod
18709,Signe Munk,SF,20251,91,10496,Imod
19000,Theresa Berg Andersen,SF,20251,91,10496,Fravær
176,Søren Søndergaard,EL,20251,91,10496,Imod
16582,Peder Hvelplund,EL,20251,91,10496,Imod
213,Jens Joel,S,20251,91,10496,Imod
120,Benny Engelbrecht,S,20251,91,10496,Imod
43,Pia Olsen Dyhr,SF,20251,91,10496,Fravær
15777,Pelle Dragsted,EL,20251,91,10496,Imod
15762,Christian Rabjerg Madsen,S,20251,91,10496,Imod
260,Leif Lahn Jensen,S,20251,91,10496,Imod
145,Lars Løkke Rasmussen,M,20251,91,10496,Fravær
206,Troels Lund Poulsen,V,20251,91,10496,Fravær
138,Mette Frederiksen,S,20251,91,10496,Fravær
57,Jakob Engel-Schmidt,M,20251,91,10496,Fravær
15776,Peter Hummelgaard,S,20251,91,10496,Fravær
130,Sophie Løhde,V,20251,91,10496,Fravær
12,Nicolai Wammen,S,20251,91,10496,Imod
214,Jeppe Bruus,S,20251,91,10496,Fravær
15787,Kaare Dybvad Bek,S,20251,91,10496,Imod
15770,Mattias Tesfaye,S,20251,91,10496,Fravær
286,Ane Halsboe-Jørgensen,S,20251,91,10496,Imod
244,Magnus Heunicke,S,20251,91,10496,Fravær
220,Morten Bødskov,S,20251,91,10496,Fravær
20382,Mette Kierkgaard,M,20251,91,10496,Fravær
139,Thomas Danielsen,V,20251,91,10496,Fravær
173,Jacob Jensen,V,20251,91,10496,Fravær
80,Torsten Schack Pedersen,V,20251,91,10496,Imod
18696,Morten Dahlin,V,20251,91,10496,Fravær
18701,Marie Bjerre,V,20251,91,10496,Fravær
18716,Rasmus Stoklund,S,20251,91,10496,Fravær
1845,Søren Gade,V,20251,91,10496,Imod
18713,Mona Juul,KF,20251,112,10419,For
102,Jan E. Jørgensen,V,20251,112,10419,For
164,Hans Andersen,V,20251,112,10419,For
182,Inger Støjberg,DD,20251,112,10419,Fravær
48,Peter Skaarup,DD,20251,112,10419,For
18703,Alex Vanopslagh,LA,20251,112,10419,Fravær
20377,Henrik Frandsen,M,20251,112,10419,For
21194,Joachim Hoffmann-Petersen,KF,20251,112,10419,Fravær
15793,Mette Abildgaard,KF,20251,112,10419,Fravær
180,Peter Juel-Jensen,V,20251,112,10419,For
49,Erling Bonnesen,V,20251,112,10419,For
125,Hans Christian Schmidt,V,20251,112,10419,Fravær
20373,Susie Jessen,DD,20251,112,10419,Fravær
82,Hans Kristian Skibby,DD,20251,112,10419,For
20391,Sólbjørg Jakobsen,LA,20251,112,10419,For
99,Ole Birk Olesen,LA,20251,112,10419,For
20385,Charlotte Bagge Hansen,M,20251,112,10419,Fravær
20415,Mohammad Rona,M,20251,112,10419,For
11702,Per Larsen,KF,20251,112,10419,For
17141,Brigitte Klintskov Jerkel,KF,20251,112,10419,For
1454,Rasmus Jarlov,KF,20251,112,10419,For
127,Preben Bang Henriksen,V,20251,112,10419,Fravær
93,Louise Elholm,V,20251,112,10419,For
113,Jens Henrik Thulesen Dahl,DD,20251,112,10419,Fravær
119,Dennis Flydtkjær,DD,20251,112,10419,Fravær
34,Søren Espersen,DD,20251,112,10419,For
238,Morten Messerschmidt,DF,20251,112,10419,Fravær
20392,Lars-Christian Brask,LA,20251,112,10419,Fravær
18723,Pernille Vermund,LA,20251,112,10419,Fravær
15779,Carsten Bach,LA,20251,112,10419,Fravær
20384,Nanna W. Gotfredsen,M,20251,112,10419,Fravær
20389,Peter Have,M,20251,112,10419,For
20357,Lise Bertelsen,KF,20251,112,10419,Fravær
20369,Helle Bonnesen,KF,20251,112,10419,For
134,Christian Friis Bach,V,20251,112,10419,Fravær
18699,Christoffer Aagaard Melson,V,20251,112,10419,For
18695,Kim Valentin,V,20251,112,10419,For
168,Anni Matthiesen,V,20251,112,10419,For
1146,Marlene Harpsøe,DD,20251,112,10419,For
162,Karina Adsbøl,DD,20251,112,10419,For
18,Alex Ahrendtsen,DF,20251,112,10419,Fravær
252,Pia Kjærsgaard,DF,20251,112,10419,For
20393,Katrine Daugaard,LA,20251,112,10419,For
20396,Jens Meilvang,LA,20251,112,10419,Fravær
20399,Louise Brown,LA,20251,112,10419,For
21159,Ammar Ali,M,20251,112,10419,For
20496,Henrik Rejnholt Andersen,M,20251,112,10419,For
18725,Samira Nawa,RV,20251,112,10419,For
141,Martin Lidegaard,RV,20251,112,10419,Fravær
20351,Franciska Rosenkilde,ALT,20251,112,10419,Fravær
20966,Frederik Bloch Münster,KF,20251,112,10419,Fravær
20925,Dina Raabjerg,KF,20251,112,10419,For
21168,Erik Veje Rasmussen,V,20251,112,10419,For
20371,Linea Søgaard-Lidell,V,20251,112,10419,For
18698,Marlene Ambo-Rasmussen,V,20251,112,10419,For
18700,Heidi Bank,V,20251,112,10419,Fravær
20374,Kenneth Fredslund Petersen,DD,20251,112,10419,Fravær
17629,Mads Fuglede,DD,20251,112,10419,For
15774,Lise Bech,DD,20251,112,10419,Fravær
18721,Mette Thiesen,DF,20251,112,10419,For
15763,Peter Kofod,DF,20251,112,10419,For
20400,Sandra Elisabeth Skalvig,LA,20251,112,10419,For
20394,Steffen W. Frølund,LA,20251,112,10419,For
20397,Steffen Larsen,LA,20251,112,10419,For
20378,Rosa Eriksen,M,20251,112,10419,For
20386,Rasmus Lund-Nielsen,M,20251,112,10419,For
112,Lotte Rod,RV,20251,112,10419,For
191,Zenia Stampe,RV,20251,112,10419,Fravær
20352,Helene Brydensholt,ALT,20251,112,10419,Hverken for eller imod
15775,Torsten Gejl,ALT,20251,112,10419,Fravær
262,Sjúrður Skaale,JF,20251,112,10419,Fravær
20372,Betina Kastbjerg,DD,20251,112,10419,Fravær
20375,Charlotte Munch Pasler,DD,20251,112,10419,Fravær
20356,Mikkel Bjørn,DF,20251,112,10419,For
20350,Nick Zimmermann,DF,20251,112,10419,Fravær
20820,Carl Andersen,LA,20251,112,10419,For
20398,Helena Artmann Andresen,LA,20251,112,10419,For
20395,Alexander Ryle,LA,20251,112,10419,Fravær
18726,Stinus Lindgreen,RV,20251,112,10419,For
18729,Katrine Robsøe,RV,20251,112,10419,For
20370,Christina Olumeko,ALT,20251,112,10419,Hverken for eller imod
20381,Karin Liltorp,ALT,20251,112,10419,Fravær
20353,Sascha Faxe,ALT,20251,112,10419,Fravær
20349,Anna Falkenberg,SP,20251,112,10419,Fravær
20376,Kristian Bøgsted,DD,20251,112,10419,For
20355,Kim Edberg Andersen,DD,20251,112,10419,For
18724,Lars Boje Mathiesen,UFG,20251,112,10419,For
18722,Peter Seier Christensen,UFG,20251,112,10419,Fravær
20388,Jon Stephensen,UFG,20251,112,10419,Fravær
20390,Mike Villa Fonseca,UFG,20251,112,10419,Fravær
20383,Jeppe Søe,UFG,20251,112,10419,Fravær
20354,Theresa Scavenius,UFG,20251,112,10419,Fravær
21143,Morten Klessen,S,20251,112,10419,For
21044,Lasse Haugaard Pedersen,S,20251,112,10419,For
20781,Gunvor Wibroe,S,20251,112,10419,For
18688,Aki-Matilda Høegh-Dam,N,20251,112,10419,Fravær
20798,Mads Olsen,SF,20251,112,10419,Imod
20360,Sofie Lippert,SF,20251,112,10419,Imod
20359,Sigurd Agersnap,SF,20251,112,10419,Imod
20358,Marianne Bigum,SF,20251,112,10419,Fravær
20366,Thomas Skriver Jensen,S,20251,112,10419,Fravær
20364,Frederik Vad,S,20251,112,10419,For
20930,Louise Mehnke,S,20251,112,10419,For
20367,Kris Jensen Skriver,S,20251,112,10419,For
20363,Sara Emil Baaring,S,20251,112,10419,For
20365,Matilde Powers,S,20251,112,10419,For
20368,Maria Durhuus,S,20251,112,10419,Fravær
19928,Kim Aas,S,20251,112,10419,For
18882,Tanja Larsson,S,20251,112,10419,Fravær
15757,Aaja Chemnitz,IA,20251,112,10419,Fravær
20962,Claus Jørgensen,SF,20251,112,10419,Imod
18707,Astrid Carøe,SF,20251,112,10419,Imod
18708,Charlotte Broman Mølbæk,SF,20251,112,10419,Fravær
20411,Leila Stockmarr,EL,20251,112,10419,Imod
109,Trine Pertou Mach,EL,20251,112,10419,Fravær
18717,Bjørn Brandenborg,S,20251,112,10419,For
18720,Camilla Fabricius,S,20251,112,10419,For
18715,Henrik Møller,S,20251,112,10419,For
273,Per Husted,S,20251,112,10419,For
16503,Anne Paulin,S,20251,112,10419,Fravær
16180,Kasper Roug,S,20251,112,10419,Fravær
16351,Malte Larsen,S,20251,112,10419,For
1619,Yildiz Akdogan,S,20251,112,10419,For
278,Karin Gaardsted,S,20251,112,10419,For
74,Mette Reissmann,S,20251,112,10419,For
208,Simon Kollerup,S,20251,112,10419,Fravær
18704,Halime Oguz,SF,20251,112,10419,Imod
121,Karina Lorentzen Dehnhardt,SF,20251,112,10419,Imod
219,Lisbeth Bech-Nielsen,SF,20251,112,10419,Fravær
18694,Victoria Velasquez,EL,20251,112,10419,Imod
667,Søren Egge Rasmussen,EL,20251,112,10419,Imod
152,Ida Auken,S,20251,112,10419,For
97,Jesper Petersen,S,20251,112,10419,For
201,Thomas Jensen,S,20251,112,10419,Fravær
224,Flemming Møller Mortensen,S,20251,112,10419,For
38,Astrid Krag,S,20251,112,10419,For
154,Mogens Jensen,S,20251,112,10419,For
257,Bjarne Laustsen,S,20251,112,10419,For
20362,Thomas Monberg,S,20251,112,10419,For
199,Karsten Hønge,SF,20251,112,10419,Fravær
16728,Kirsten Normann Andersen,SF,20251,112,10419,Fravær
110,Rosa Lund,EL,20251,112,10419,Imod
18693,Mai Villadsen,EL,20251,112,10419,Fravær
18718,Anders Kronborg,S,20251,112,10419,For
18719,Birgitte Vind,S,20251,112,10419,For
15760,Lea Wermelin,S,20251,112,10419,For
118,Trine Bramsen,S,20251,112,10419,For
266,Rasmus Horn Langhoff,S,20251,112,10419,For
18709,Signe Munk,SF,20251,112,10419,Fravær
19000,Theresa Berg Andersen,SF,20251,112,10419,Imod
176,Søren Søndergaard,EL,20251,112,10419,Fravær
16582,Peder Hvelplund,EL,20251,112,10419,Imod
213,Jens Joel,S,20251,112,10419,Fravær
120,Benny Engelbrecht,S,20251,112,10419,Fravær
43,Pia Olsen Dyhr,SF,20251,112,10419,Fravær
15777,Pelle Dragsted,EL,20251,112,10419,Fravær
15762,Christian Rabjerg Madsen,S,20251,112,10419,For
260,Leif Lahn Jensen,S,20251,112,10419,Fravær
145,Lars Løkke Rasmussen,M,20251,112,10419,Fravær
206,Troels Lund Poulsen,V,20251,112,10419,Fravær
138,Mette Frederiksen,S,20251,112,10419,Fravær
57,Jakob Engel-Schmidt,M,20251,112,10419,Fravær
15776,Peter Hummelgaard,S,20251,112,10419,For
130,Sophie Løhde,V,20251,112,10419,Fravær
12,Nicolai Wammen,S,20251,112,10419,Fravær
214,Jeppe Bruus,S,20251,112,10419,For
15787,Kaare Dybvad Bek,S,20251,112,10419,Fravær
15770,Mattias Tesfaye,S,20251,112,10419,Fravær
286,Ane Halsboe-Jørgensen,S,20251,112,10419,For
244,Magnus Heunicke,S,20251,112,10419,Fravær
220,Morten Bødskov,S,20251,112,10419,Fravær
20382,Mette Kierkgaard,M,20251,112,10419,Fravær
139,Thomas Danielsen,V,20251,112,10419,Fravær
173,Jacob Jensen,V,20251,112,10419,Fravær
80,Torsten Schack Pedersen,V,20251,112,10419,For
18696,Morten Dahlin,V,20251,112,10419,Fravær
18701,Marie Bjerre,V,20251,112,10419,Fravær
18716,Rasmus Stoklund,S,20251,112,10419,Fravær
1845,Søren Gade,V,20251,112,10419,For
18713,Mona Juul,KF,20251,133,10506,Fravær
102,Jan E. Jørgensen,V,20251,133,10506,For
164,Hans Andersen,V,20251,133,10506,For
182,Inger Støjberg,DD,20251,133,10506,Fravær
48,Peter Skaarup,DD,20251,133,10506,Fravær
18703,Alex Vanopslagh,LA,20251,133,10506,Fravær
20377,Henrik Frandsen,M,20251,133,10506,For
21194,Joachim Hoffmann-Petersen,KF,20251,133,10506,For
15793,Mette Abildgaard,KF,20251,133,10506,Fravær
180,Peter Juel-Jensen,V,20251,133,10506,For
49,Erling Bonnesen,V,20251,133,10506,For
125,Hans Christian Schmidt,V,20251,133,10506,Fravær
20373,Susie Jessen,DD,20251,133,10506,Fravær
82,Hans Kristian Skibby,DD,20251,133,10506,Imod
20391,Sólbjørg Jakobsen,LA,20251,133,10506,Fravær
99,Ole Birk Olesen,LA,20251,133,10506,For
20385,Charlotte Bagge Hansen,M,20251,133,10506,For
20415,Mohammad Rona,M,20251,133,10506,For
11702,Per Larsen,KF,20251,133,10506,Fravær
17141,Brigitte Klintskov Jerkel,KF,20251,133,10506,Fravær
1454,Rasmus Jarlov,KF,20251,133,10506,For
127,Preben Bang Henriksen,V,20251,133,10506,For
1845,Søren Gade,V,20251,133,10506,Fravær
93,Louise Elholm,V,20251,133,10506,For
113,Jens Henrik Thulesen Dahl,DD,20251,133,10506,Fravær
119,Dennis Flydtkjær,DD,20251,133,10506,Imod
34,Søren Espersen,DD,20251,133,10506,Fravær
238,Morten Messerschmidt,DF,20251,133,10506,Fravær
18723,Pernille Vermund,LA,20251,133,10506,For
15779,Carsten Bach,LA,20251,133,10506,Fravær
20384,Nanna W. Gotfredsen,M,20251,133,10506,Fravær
20389,Peter Have,M,20251,133,10506,For
20357,Lise Bertelsen,KF,20251,133,10506,For
20369,Helle Bonnesen,KF,20251,133,10506,For
134,Christian Friis Bach,V,20251,133,10506,For
18699,Christoffer Aagaard Melson,V,20251,133,10506,For
18695,Kim Valentin,V,20251,133,10506,For
168,Anni Matthiesen,V,20251,133,10506,For
1146,Marlene Harpsøe,DD,20251,133,10506,Imod
162,Karina Adsbøl,DD,20251,133,10506,Fravær
18,Alex Ahrendtsen,DF,20251,133,10506,Imod
252,Pia Kjærsgaard,DF,20251,133,10506,Imod
20393,Katrine Daugaard,LA,20251,133,10506,For
20396,Jens Meilvang,LA,20251,133,10506,Fravær
20399,Louise Brown,LA,20251,133,10506,Fravær
21159,Ammar Ali,M,20251,133,10506,For
20496,Henrik Rejnholt Andersen,M,20251,133,10506,For
18725,Samira Nawa,RV,20251,133,10506,Fravær
141,Martin Lidegaard,RV,20251,133,10506,Fravær
20351,Franciska Rosenkilde,ALT,20251,133,10506,Fravær
20966,Frederik Bloch Münster,KF,20251,133,10506,For
20925,Dina Raabjerg,KF,20251,133,10506,For
21168,Erik Veje Rasmussen,V,20251,133,10506,Fravær
20371,Linea Søgaard-Lidell,V,20251,133,10506,Fravær
18698,Marlene Ambo-Rasmussen,V,20251,133,10506,For
18700,Heidi Bank,V,20251,133,10506,For
20374,Kenneth Fredslund Petersen,DD,20251,133,10506,Imod
17629,Mads Fuglede,DD,20251,133,10506,Imod
15774,Lise Bech,DD,20251,133,10506,Imod
18721,Mette Thiesen,DF,20251,133,10506,Imod
15763,Peter Kofod,DF,20251,133,10506,Fravær
20400,Sandra Elisabeth Skalvig,LA,20251,133,10506,For
20394,Steffen W. Frølund,LA,20251,133,10506,For
20397,Steffen Larsen,LA,20251,133,10506,Fravær
20378,Rosa Eriksen,M,20251,133,10506,For
20386,Rasmus Lund-Nielsen,M,20251,133,10506,Fravær
112,Lotte Rod,RV,20251,133,10506,For
191,Zenia Stampe,RV,20251,133,10506,For
20352,Helene Brydensholt,ALT,20251,133,10506,Fravær
15775,Torsten Gejl,ALT,20251,133,10506,Fravær
262,Sjúrður Skaale,JF,20251,133,10506,Fravær
20372,Betina Kastbjerg,DD,20251,133,10506,Fravær
20375,Charlotte Munch Pasler,DD,20251,133,10506,Imod
20356,Mikkel Bjørn,DF,20251,133,10506,Imod
20350,Nick Zimmermann,DF,20251,133,10506,Fravær
20820,Carl Andersen,LA,20251,133,10506,For
20398,Helena Artmann Andresen,LA,20251,133,10506,For
20395,Alexander Ryle,LA,20251,133,10506,For
18726,Stinus Lindgreen,RV,20251,133,10506,For
18729,Katrine Robsøe,RV,20251,133,10506,Fravær
20370,Christina Olumeko,ALT,20251,133,10506,For
20381,Karin Liltorp,ALT,20251,133,10506,For
20353,Sascha Faxe,ALT,20251,133,10506,For
20349,Anna Falkenberg,SP,20251,133,10506,Fravær
20376,Kristian Bøgsted,DD,20251,133,10506,Imod
20355,Kim Edberg Andersen,DD,20251,133,10506,Imod
18724,Lars Boje Mathiesen,UFG,20251,133,10506,Imod
18722,Peter Seier Christensen,UFG,20251,133,10506,Fravær
20388,Jon Stephensen,UFG,20251,133,10506,For
20390,Mike Villa Fonseca,UFG,20251,133,10506,For
20383,Jeppe Søe,UFG,20251,133,10506,For
20354,Theresa Scavenius,UFG,20251,133,10506,Fravær
21143,Morten Klessen,S,20251,133,10506,Fravær
21044,Lasse Haugaard Pedersen,S,20251,133,10506,For
20781,Gunvor Wibroe,S,20251,133,10506,For
18688,Aki-Matilda Høegh-Dam,N,20251,133,10506,Fravær
20798,Mads Olsen,SF,20251,133,10506,For
20360,Sofie Lippert,SF,20251,133,10506,For
20359,Sigurd Agersnap,SF,20251,133,10506,For
20358,Marianne Bigum,SF,20251,133,10506,Fravær
20366,Thomas Skriver Jensen,S,20251,133,10506,Fravær
20364,Frederik Vad,S,20251,133,10506,For
20930,Louise Mehnke,S,20251,133,10506,For
20367,Kris Jensen Skriver,S,20251,133,10506,For
20363,Sara Emil Baaring,S,20251,133,10506,For
20365,Matilde Powers,S,20251,133,10506,Fravær
20368,Maria Durhuus,S,20251,133,10506,For
19928,Kim Aas,S,20251,133,10506,For
18882,Tanja Larsson,S,20251,133,10506,Fravær
15757,Aaja Chemnitz,IA,20251,133,10506,Fravær
20962,Claus Jørgensen,SF,20251,133,10506,For
18707,Astrid Carøe,SF,20251,133,10506,For
18708,Charlotte Broman Mølbæk,SF,20251,133,10506,For
20411,Leila Stockmarr,EL,20251,133,10506,For
109,Trine Pertou Mach,EL,20251,133,10506,Fravær
18717,Bjørn Brandenborg,S,20251,133,10506,Fravær
18720,Camilla Fabricius,S,20251,133,10506,For
18715,Henrik Møller,S,20251,133,10506,For
273,Per Husted,S,20251,133,10506,For
16503,Anne Paulin,S,20251,133,10506,Fravær
16180,Kasper Roug,S,20251,133,10506,For
16351,Malte Larsen,S,20251,133,10506,For
1619,Yildiz Akdogan,S,20251,133,10506,For
278,Karin Gaardsted,S,20251,133,10506,For
74,Mette Reissmann,S,20251,133,10506,For
208,Simon Kollerup,S,20251,133,10506,Fravær
18704,Halime Oguz,SF,20251,133,10506,For
121,Karina Lorentzen Dehnhardt,SF,20251,133,10506,Fravær
219,Lisbeth Bech-Nielsen,SF,20251,133,10506,Fravær
18694,Victoria Velasquez,EL,20251,133,10506,For
667,Søren Egge Rasmussen,EL,20251,133,10506,For
152,Ida Auken,S,20251,133,10506,Fravær
97,Jesper Petersen,S,20251,133,10506,For
201,Thomas Jensen,S,20251,133,10506,For
224,Flemming Møller Mortensen,S,20251,133,10506,For
38,Astrid Krag,S,20251,133,10506,For
154,Mogens Jensen,S,20251,133,10506,Fravær
257,Bjarne Laustsen,S,20251,133,10506,For
20362,Thomas Monberg,S,20251,133,10506,For
199,Karsten Hønge,SF,20251,133,10506,Fravær
16728,Kirsten Normann Andersen,SF,20251,133,10506,For
110,Rosa Lund,EL,20251,133,10506,Fravær
18693,Mai Villadsen,EL,20251,133,10506,For
18718,Anders Kronborg,S,20251,133,10506,For
18719,Birgitte Vind,S,20251,133,10506,Fravær
15760,Lea Wermelin,S,20251,133,10506,Fravær
118,Trine Bramsen,S,20251,133,10506,For
266,Rasmus Horn Langhoff,S,20251,133,10506,Fravær
18709,Signe Munk,SF,20251,133,10506,Fravær
19000,Theresa Berg Andersen,SF,20251,133,10506,For
176,Søren Søndergaard,EL,20251,133,10506,Fravær
16582,Peder Hvelplund,EL,20251,133,10506,For
213,Jens Joel,S,20251,133,10506,For
120,Benny Engelbrecht,S,20251,133,10506,Fravær
43,Pia Olsen Dyhr,SF,20251,133,10506,Fravær
15777,Pelle Dragsted,EL,20251,133,10506,Fravær
15762,Christian Rabjerg Madsen,S,20251,133,10506,For
260,Leif Lahn Jensen,S,20251,133,10506,For
145,Lars Løkke Rasmussen,M,20251,133,10506,Fravær
206,Troels Lund Poulsen,V,20251,133,10506,Fravær
138,Mette Frederiksen,S,20251,133,10506,Fravær
57,Jakob Engel-Schmidt,M,20251,133,10506,Fravær
15776,Peter Hummelgaard,S,20251,133,10506,Fravær
130,Sophie Løhde,V,20251,133,10506,Fravær
12,Nicolai Wammen,S,20251,133,10506,Fravær
214,Jeppe Bruus,S,20251,133,10506,Fravær
15787,Kaare Dybvad Bek,S,20251,133,10506,For
15770,Mattias Tesfaye,S,20251,133,10506,For
286,Ane Halsboe-Jørgensen,S,20251,133,10506,For
244,Magnus Heunicke,S,20251,133,10506,For
220,Morten Bødskov,S,20251,133,10506,Fravær
20382,Mette Kierkgaard,M,20251,133,10506,Fravær
139,Thomas Danielsen,V,20251,133,10506,For
173,Jacob Jensen,V,20251,133,10506,Fravær
80,Torsten Schack Pedersen,V,20251,133,10506,For
18696,Morten Dahlin,V,20251,133,10506,For
18701,Marie Bjerre,V,20251,133,10506,Fravær
18716,Rasmus Stoklund,S,20251,133,10506,For
20392,Lars-Christian Brask,LA,20251,133,10506,For
18713,Mona Juul,KF,20251,176,10549,Fravær
102,Jan E. Jørgensen,V,20251,176,10549,Imod
164,Hans Andersen,V,20251,176,10549,Imod
182,Inger Støjberg,DD,20251,176,10549,For
48,Peter Skaarup,DD,20251,176,10549,For
18703,Alex Vanopslagh,LA,20251,176,10549,Fravær
20377,Henrik Frandsen,M,20251,176,10549,Imod
21194,Joachim Hoffmann-Petersen,KF,20251,176,10549,Fravær
15793,Mette Abildgaard,KF,20251,176,10549,Fravær
180,Peter Juel-Jensen,V,20251,176,10549,Imod
49,Erling Bonnesen,V,20251,176,10549,Imod
125,Hans Christian Schmidt,V,20251,176,10549,Imod
20373,Susie Jessen,DD,20251,176,10549,For
82,Hans Kristian Skibby,DD,20251,176,10549,For
20391,Sólbjørg Jakobsen,LA,20251,176,10549,For
99,Ole Birk Olesen,LA,20251,176,10549,For
20385,Charlotte Bagge Hansen,M,20251,176,10549,Imod
20415,Mohammad Rona,M,20251,176,10549,Imod
11702,Per Larsen,KF,20251,176,10549,For
17141,Brigitte Klintskov Jerkel,KF,20251,176,10549,For
1454,Rasmus Jarlov,KF,20251,176,10549,Fravær
127,Preben Bang Henriksen,V,20251,176,10549,Imod
1845,Søren Gade,V,20251,176,10549,Fravær
93,Louise Elholm,V,20251,176,10549,Imod
113,Jens Henrik Thulesen Dahl,DD,20251,176,10549,Fravær
119,Dennis Flydtkjær,DD,20251,176,10549,For
34,Søren Espersen,DD,20251,176,10549,Fravær
238,Morten Messerschmidt,DF,20251,176,10549,Fravær
20392,Lars-Christian Brask,LA,20251,176,10549,Fravær
18723,Pernille Vermund,LA,20251,176,10549,For
15779,Carsten Bach,LA,20251,176,10549,For
20384,Nanna W. Gotfredsen,M,20251,176,10549,Fravær
20389,Peter Have,M,20251,176,10549,Fravær
20357,Lise Bertelsen,KF,20251,176,10549,For
20369,Helle Bonnesen,KF,20251,176,10549,For
134,Christian Friis Bach,V,20251,176,10549,Fravær
18699,Christoffer Aagaard Melson,V,20251,176,10549,Fravær
18695,Kim Valentin,V,20251,176,10549,Imod
168,Anni Matthiesen,V,20251,176,10549,Fravær
1146,Marlene Harpsøe,DD,20251,176,10549,Fravær
162,Karina Adsbøl,DD,20251,176,10549,Fravær
18,Alex Ahrendtsen,DF,20251,176,10549,Imod
252,Pia Kjærsgaard,DF,20251,176,10549,Imod
20393,Katrine Daugaard,LA,20251,176,10549,For
20396,Jens Meilvang,LA,20251,176,10549,For
20399,Louise Brown,LA,20251,176,10549,For
21159,Ammar Ali,M,20251,176,10549,Imod
20496,Henrik Rejnholt Andersen,M,20251,176,10549,Imod
18725,Samira Nawa,RV,20251,176,10549,For
141,Martin Lidegaard,RV,20251,176,10549,Fravær
20351,Franciska Rosenkilde,ALT,20251,176,10549,Fravær
20966,Frederik Bloch Münster,KF,20251,176,10549,For
20925,Dina Raabjerg,KF,20251,176,10549,For
21168,Erik Veje Rasmussen,V,20251,176,10549,Fravær
20371,Linea Søgaard-Lidell,V,20251,176,10549,Imod
18698,Marlene Ambo-Rasmussen,V,20251,176,10549,Imod
18700,Heidi Bank,V,20251,176,10549,Imod
20374,Kenneth Fredslund Petersen,DD,20251,176,10549,For
17629,Mads Fuglede,DD,20251,176,10549,Fravær
15774,Lise Bech,DD,20251,176,10549,For
18721,Mette Thiesen,DF,20251,176,10549,Fravær
15763,Peter Kofod,DF,20251,176,10549,Imod
20400,Sandra Elisabeth Skalvig,LA,20251,176,10549,For
20394,Steffen W. Frølund,LA,20251,176,10549,For
20397,Steffen Larsen,LA,20251,176,10549,Fravær
20378,Rosa Eriksen,M,20251,176,10549,Imod
20386,Rasmus Lund-Nielsen,M,20251,176,10549,Fravær
112,Lotte Rod,RV,20251,176,10549,Fravær
191,Zenia Stampe,RV,20251,176,10549,For
20352,Helene Brydensholt,ALT,20251,176,10549,Fravær
15775,Torsten Gejl,ALT,20251,176,10549,Fravær
262,Sjúrður Skaale,JF,20251,176,10549,Fravær
20372,Betina Kastbjerg,DD,20251,176,10549,Fravær
20375,Charlotte Munch Pasler,DD,20251,176,10549,Fravær
20356,Mikkel Bjørn,DF,20251,176,10549,Fravær
20350,Nick Zimmermann,DF,20251,176,10549,Imod
20820,Carl Andersen,LA,20251,176,10549,Fravær
20398,Helena Artmann Andresen,LA,20251,176,10549,Fravær
20395,Alexander Ryle,LA,20251,176,10549,Fravær
18726,Stinus Lindgreen,RV,20251,176,10549,For
18729,Katrine Robsøe,RV,20251,176,10549,For
20370,Christina Olumeko,ALT,20251,176,10549,For
20381,Karin Liltorp,ALT,20251,176,10549,For
20353,Sascha Faxe,ALT,20251,176,10549,For
20349,Anna Falkenberg,SP,20251,176,10549,Fravær
20376,Kristian Bøgsted,DD,20251,176,10549,For
20355,Kim Edberg Andersen,DD,20251,176,10549,For
18724,Lars Boje Mathiesen,UFG,20251,176,10549,For
18722,Peter Seier Christensen,UFG,20251,176,10549,Fravær
20388,Jon Stephensen,UFG,20251,176,10549,For
20390,Mike Villa Fonseca,UFG,20251,176,10549,Fravær
20383,Jeppe Søe,UFG,20251,176,10549,For
20354,Theresa Scavenius,UFG,20251,176,10549,Fravær
21143,Morten Klessen,S,20251,176,10549,Fravær
21044,Lasse Haugaard Pedersen,S,20251,176,10549,Imod
20781,Gunvor Wibroe,S,20251,176,10549,Imod
18688,Aki-Matilda Høegh-Dam,N,20251,176,10549,Fravær
20798,Mads Olsen,SF,20251,176,10549,Fravær
20360,Sofie Lippert,SF,20251,176,10549,For
20359,Sigurd Agersnap,SF,20251,176,10549,For
20358,Marianne Bigum,SF,20251,176,10549,Fravær
20366,Thomas Skriver Jensen,S,20251,176,10549,Imod
20364,Frederik Vad,S,20251,176,10549,Imod
20930,Louise Mehnke,S,20251,176,10549,Imod
20367,Kris Jensen Skriver,S,20251,176,10549,Imod
20363,Sara Emil Baaring,S,20251,176,10549,Fravær
20365,Matilde Powers,S,20251,176,10549,Imod
20368,Maria Durhuus,S,20251,176,10549,Imod
19928,Kim Aas,S,20251,176,10549,Imod
18882,Tanja Larsson,S,20251,176,10549,Imod
15757,Aaja Chemnitz,IA,20251,176,10549,Fravær
20962,Claus Jørgensen,SF,20251,176,10549,For
18707,Astrid Carøe,SF,20251,176,10549,For
18708,Charlotte Broman Mølbæk,SF,20251,176,10549,Fravær
20411,Leila Stockmarr,EL,20251,176,10549,Fravær
109,Trine Pertou Mach,EL,20251,176,10549,For
18717,Bjørn Brandenborg,S,20251,176,10549,Fravær
18720,Camilla Fabricius,S,20251,176,10549,Imod
18715,Henrik Møller,S,20251,176,10549,Imod
273,Per Husted,S,20251,176,10549,Imod
16503,Anne Paulin,S,20251,176,10549,Imod
16180,Kasper Roug,S,20251,176,10549,Imod
16351,Malte Larsen,S,20251,176,10549,Fravær
1619,Yildiz Akdogan,S,20251,176,10549,Imod
278,Karin Gaardsted,S,20251,176,10549,Imod
74,Mette Reissmann,S,20251,176,10549,Fravær
208,Simon Kollerup,S,20251,176,10549,Imod
18704,Halime Oguz,SF,20251,176,10549,For
121,Karina Lorentzen Dehnhardt,SF,20251,176,10549,For
219,Lisbeth Bech-Nielsen,SF,20251,176,10549,Fravær
18694,Victoria Velasquez,EL,20251,176,10549,Fravær
667,Søren Egge Rasmussen,EL,20251,176,10549,For
152,Ida Auken,S,20251,176,10549,Fravær
97,Jesper Petersen,S,20251,176,10549,Fravær
201,Thomas Jensen,S,20251,176,10549,Imod
224,Flemming Møller Mortensen,S,20251,176,10549,Imod
38,Astrid Krag,S,20251,176,10549,Imod
154,Mogens Jensen,S,20251,176,10549,Fravær
257,Bjarne Laustsen,S,20251,176,10549,Fravær
20362,Thomas Monberg,S,20251,176,10549,Imod
16728,Kirsten Normann Andersen,SF,20251,176,10549,Fravær
110,Rosa Lund,EL,20251,176,10549,Fravær
18693,Mai Villadsen,EL,20251,176,10549,Fravær
18718,Anders Kronborg,S,20251,176,10549,Imod
18719,Birgitte Vind,S,20251,176,10549,Imod
15760,Lea Wermelin,S,20251,176,10549,Imod
118,Trine Bramsen,S,20251,176,10549,Imod
266,Rasmus Horn Langhoff,S,20251,176,10549,Fravær
18709,Signe Munk,SF,20251,176,10549,Fravær
19000,Theresa Berg Andersen,SF,20251,176,10549,For
176,Søren Søndergaard,EL,20251,176,10549,Imod
16582,Peder Hvelplund,EL,20251,176,10549,For
213,Jens Joel,S,20251,176,10549,Imod
120,Benny Engelbrecht,S,20251,176,10549,Fravær
43,Pia Olsen Dyhr,SF,20251,176,10549,Fravær
15777,Pelle Dragsted,EL,20251,176,10549,Imod
15762,Christian Rabjerg Madsen,S,20251,176,10549,Imod
260,Leif Lahn Jensen,S,20251,176,10549,Fravær
145,Lars Løkke Rasmussen,M,20251,176,10549,Fravær
206,Troels Lund Poulsen,V,20251,176,10549,Fravær
138,Mette Frederiksen,S,20251,176,10549,Fravær
57,Jakob Engel-Schmidt,M,20251,176,10549,Imod
15776,Peter Hummelgaard,S,20251,176,10549,Imod
130,Sophie Løhde,V,20251,176,10549,Fravær
12,Nicolai Wammen,S,20251,176,10549,Fravær
214,Jeppe Bruus,S,20251,176,10549,Imod
15787,Kaare Dybvad Bek,S,20251,176,10549,Fravær
15770,Mattias Tesfaye,S,20251,176,10549,Fravær
286,Ane Halsboe-Jørgensen,S,20251,176,10549,Imod
244,Magnus Heunicke,S,20251,176,10549,Imod
220,Morten Bødskov,S,20251,176,10549,Fravær
20382,Mette Kierkgaard,M,20251,176,10549,Fravær
139,Thomas Danielsen,V,20251,176,10549,Fravær
173,Jacob Jensen,V,20251,176,10549,Fravær
80,Torsten Schack Pedersen,V,20251,176,10549,Imod
18696,Morten Dahlin,V,20251,176,10549,Imod
18701,Marie Bjerre,V,20251,176,10549,Imod
18716,Rasmus Stoklund,S,20251,176,10549,Imod
199,Karsten Hønge,SF,20251,176,10549,For
18713,Mona Juul,KF,20251,212,10567,Fravær
102,Jan E. Jørgensen,V,20251,212,10567,For
164,Hans Andersen,V,20251,212,10567,For
182,Inger Støjberg,DD,20251,212,10567,Fravær
48,Peter Skaarup,DD,20251,212,10567,Imod
18703,Alex Vanopslagh,LA,20251,212,10567,Fravær
20415,Mohammad Rona,M,20251,212,10567,For
21194,Joachim Hoffmann-Petersen,KF,20251,212,10567,Fravær
15793,Mette Abildgaard,KF,20251,212,10567,Fravær
180,Peter Juel-Jensen,V,20251,212,10567,Fravær
49,Erling Bonnesen,V,20251,212,10567,For
125,Hans Christian Schmidt,V,20251,212,10567,Fravær
20373,Susie Jessen,DD,20251,212,10567,Imod
82,Hans Kristian Skibby,DD,20251,212,10567,Imod
20391,Sólbjørg Jakobsen,LA,20251,212,10567,Imod
99,Ole Birk Olesen,LA,20251,212,10567,Fravær
20385,Charlotte Bagge Hansen,M,20251,212,10567,For
20380,Monika Rubin,M,20251,212,10567,Fravær
11702,Per Larsen,KF,20251,212,10567,For
17141,Brigitte Klintskov Jerkel,KF,20251,212,10567,Fravær
1454,Rasmus Jarlov,KF,20251,212,10567,For
127,Preben Bang Henriksen,V,20251,212,10567,For
93,Louise Elholm,V,20251,212,10567,For
113,Jens Henrik Thulesen Dahl,DD,20251,212,10567,Imod
119,Dennis Flydtkjær,DD,20251,212,10567,Imod
34,Søren Espersen,DD,20251,212,10567,Fravær
238,Morten Messerschmidt,DF,20251,212,10567,Imod
20392,Lars-Christian Brask,LA,20251,212,10567,Fravær
18723,Pernille Vermund,LA,20251,212,10567,Imod
15779,Carsten Bach,LA,20251,212,10567,Imod
20384,Nanna W. Gotfredsen,M,20251,212,10567,Fravær
20389,Peter Have,M,20251,212,10567,For
20357,Lise Bertelsen,KF,20251,212,10567,For
20369,Helle Bonnesen,KF,20251,212,10567,For
134,Christian Friis Bach,V,20251,212,10567,Fravær
18699,Christoffer Aagaard Melson,V,20251,212,10567,For
18695,Kim Valentin,V,20251,212,10567,For
168,Anni Matthiesen,V,20251,212,10567,For
1146,Marlene Harpsøe,DD,20251,212,10567,Fravær
162,Karina Adsbøl,DD,20251,212,10567,Fravær
18,Alex Ahrendtsen,DF,20251,212,10567,Imod
252,Pia Kjærsgaard,DF,20251,212,10567,Imod
20393,Katrine Daugaard,LA,20251,212,10567,Fravær
20396,Jens Meilvang,LA,20251,212,10567,Fravær
20399,Louise Brown,LA,20251,212,10567,Fravær
20382,Mette Kierkgaard,M,20251,212,10567,For
20379,Tobias Grotkjær Elmstrøm,M,20251,212,10567,Fravær
18725,Samira Nawa,RV,20251,212,10567,For
141,Martin Lidegaard,RV,20251,212,10567,Fravær
20351,Franciska Rosenkilde,ALT,20251,212,10567,Fravær
20966,Frederik Bloch Münster,KF,20251,212,10567,For
20925,Dina Raabjerg,KF,20251,212,10567,For
21168,Erik Veje Rasmussen,V,20251,212,10567,For
20371,Linea Søgaard-Lidell,V,20251,212,10567,For
18698,Marlene Ambo-Rasmussen,V,20251,212,10567,For
18700,Heidi Bank,V,20251,212,10567,For
20374,Kenneth Fredslund Petersen,DD,20251,212,10567,Imod
17629,Mads Fuglede,DD,20251,212,10567,Fravær
15774,Lise Bech,DD,20251,212,10567,Imod
18721,Mette Thiesen,DF,20251,212,10567,Imod
15763,Peter Kofod,DF,20251,212,10567,Imod
20400,Sandra Elisabeth Skalvig,LA,20251,212,10567,Imod
20394,Steffen W. Frølund,LA,20251,212,10567,Imod
20397,Steffen Larsen,LA,20251,212,10567,Fravær
20378,Rosa Eriksen,M,20251,212,10567,For
20386,Rasmus Lund-Nielsen,M,20251,212,10567,Fravær
112,Lotte Rod,RV,20251,212,10567,For
191,Zenia Stampe,RV,20251,212,10567,Fravær
20352,Helene Brydensholt,ALT,20251,212,10567,For
15775,Torsten Gejl,ALT,20251,212,10567,Fravær
262,Sjúrður Skaale,JF,20251,212,10567,Fravær
20372,Betina Kastbjerg,DD,20251,212,10567,Fravær
20375,Charlotte Munch Pasler,DD,20251,212,10567,Fravær
20356,Mikkel Bjørn,DF,20251,212,10567,Fravær
20350,Nick Zimmermann,DF,20251,212,10567,Fravær
20820,Carl Andersen,LA,20251,212,10567,Imod
20398,Helena Artmann Andresen,LA,20251,212,10567,Imod
20395,Alexander Ryle,LA,20251,212,10567,Imod
18726,Stinus Lindgreen,RV,20251,212,10567,For
18729,Katrine Robsøe,RV,20251,212,10567,For
20370,Christina Olumeko,ALT,20251,212,10567,For
20381,Karin Liltorp,ALT,20251,212,10567,For
20353,Sascha Faxe,ALT,20251,212,10567,Fravær
20349,Anna Falkenberg,SP,20251,212,10567,Fravær
20376,Kristian Bøgsted,DD,20251,212,10567,Imod
20355,Kim Edberg Andersen,DD,20251,212,10567,Imod
18724,Lars Boje Mathiesen,UFG,20251,212,10567,Imod
18722,Peter Seier Christensen,UFG,20251,212,10567,Fravær
20388,Jon Stephensen,UFG,20251,212,10567,Fravær
20390,Mike Villa Fonseca,UFG,20251,212,10567,Fravær
20383,Jeppe Søe,UFG,20251,212,10567,For
20354,Theresa Scavenius,UFG,20251,212,10567,Fravær
21143,Morten Klessen,S,20251,212,10567,For
21044,Lasse Haugaard Pedersen,S,20251,212,10567,For
20781,Gunvor Wibroe,S,20251,212,10567,For
18688,Aki-Matilda Høegh-Dam,N,20251,212,10567,Fravær
20798,Mads Olsen,SF,20251,212,10567,For
20360,Sofie Lippert,SF,20251,212,10567,Fravær
20359,Sigurd Agersnap,SF,20251,212,10567,For
20358,Marianne Bigum,SF,20251,212,10567,Fravær
20366,Thomas Skriver Jensen,S,20251,212,10567,For
20364,Frederik Vad,S,20251,212,10567,For
20361,Fie Hækkerup,S,20251,212,10567,For
20367,Kris Jensen Skriver,S,20251,212,10567,For
20363,Sara Emil Baaring,S,20251,212,10567,For
20365,Matilde Powers,S,20251,212,10567,For
20368,Maria Durhuus,S,20251,212,10567,For
19928,Kim Aas,S,20251,212,10567,For
18882,Tanja Larsson,S,20251,212,10567,For
15757,Aaja Chemnitz,IA,20251,212,10567,Fravær
20962,Claus Jørgensen,SF,20251,212,10567,For
18707,Astrid Carøe,SF,20251,212,10567,For
18708,Charlotte Broman Mølbæk,SF,20251,212,10567,Fravær
20411,Leila Stockmarr,EL,20251,212,10567,Fravær
109,Trine Pertou Mach,EL,20251,212,10567,For
18717,Bjørn Brandenborg,S,20251,212,10567,For
18720,Camilla Fabricius,S,20251,212,10567,Fravær
18715,Henrik Møller,S,20251,212,10567,Fravær
273,Per Husted,S,20251,212,10567,For
16503,Anne Paulin,S,20251,212,10567,For
16180,Kasper Roug,S,20251,212,10567,For
16351,Malte Larsen,S,20251,212,10567,For
1619,Yildiz Akdogan,S,20251,212,10567,For
278,Karin Gaardsted,S,20251,212,10567,For
74,Mette Reissmann,S,20251,212,10567,Fravær
208,Simon Kollerup,S,20251,212,10567,For
17628,Carl Valentin,SF,20251,212,10567,For
121,Karina Lorentzen Dehnhardt,SF,20251,212,10567,For
219,Lisbeth Bech-Nielsen,SF,20251,212,10567,Fravær
18694,Victoria Velasquez,EL,20251,212,10567,For
667,Søren Egge Rasmussen,EL,20251,212,10567,Fravær
152,Ida Auken,S,20251,212,10567,For
97,Jesper Petersen,S,20251,212,10567,For
201,Thomas Jensen,S,20251,212,10567,For
224,Flemming Møller Mortensen,S,20251,212,10567,Fravær
38,Astrid Krag,S,20251,212,10567,Fravær
154,Mogens Jensen,S,20251,212,10567,Fravær
257,Bjarne Laustsen,S,20251,212,10567,Fravær
20362,Thomas Monberg,S,20251,212,10567,For
199,Karsten Hønge,SF,20251,212,10567,Fravær
16728,Kirsten Normann Andersen,SF,20251,212,10567,Fravær
110,Rosa Lund,EL,20251,212,10567,Fravær
18693,Mai Villadsen,EL,20251,212,10567,For
18718,Anders Kronborg,S,20251,212,10567,For
18719,Birgitte Vind,S,20251,212,10567,For
15760,Lea Wermelin,S,20251,212,10567,For
118,Trine Bramsen,S,20251,212,10567,For
266,Rasmus Horn Langhoff,S,20251,212,10567,For
18709,Signe Munk,SF,20251,212,10567,For
19000,Theresa Berg Andersen,SF,20251,212,10567,For
176,Søren Søndergaard,EL,20251,212,10567,Fravær
16582,Peder Hvelplund,EL,20251,212,10567,For
213,Jens Joel,S,20251,212,10567,For
120,Benny Engelbrecht,S,20251,212,10567,For
43,Pia Olsen Dyhr,SF,20251,212,10567,For
15777,Pelle Dragsted,EL,20251,212,10567,For
15762,Christian Rabjerg Madsen,S,20251,212,10567,For
260,Leif Lahn Jensen,S,20251,212,10567,For
145,Lars Løkke Rasmussen,M,20251,212,10567,Fravær
206,Troels Lund Poulsen,V,20251,212,10567,Fravær
138,Mette Frederiksen,S,20251,212,10567,Fravær
57,Jakob Engel-Schmidt,M,20251,212,10567,For
15776,Peter Hummelgaard,S,20251,212,10567,For
130,Sophie Løhde,V,20251,212,10567,Fravær
12,Nicolai Wammen,S,20251,212,10567,Fravær
214,Jeppe Bruus,S,20251,212,10567,Fravær
15787,Kaare Dybvad Bek,S,20251,212,10567,For
15770,Mattias Tesfaye,S,20251,212,10567,For
286,Ane Halsboe-Jørgensen,S,20251,212,10567,For
244,Magnus Heunicke,S,20251,212,10567,Fravær
220,Morten Bødskov,S,20251,212,10567,Fravær
18701,Marie Bjerre,V,20251,212,10567,For
139,Thomas Danielsen,V,20251,212,10567,Fravær
173,Jacob Jensen,V,20251,212,10567,Fravær
18716,Rasmus Stoklund,S,20251,212,10567,For
80,Torsten Schack Pedersen,V,20251,212,10567,Fravær
18696,Morten Dahlin,V,20251,212,10567,For
20377,Henrik Frandsen,M,20251,212,10567,For
1845,Søren Gade,V,20251,212,10567,Fravær
