construction,nodes_total,nodes_with_edges,edges,density,isolates,components,giant_component_size,median_degree,weight_min,weight_median,weight_mean,weight_max,same_party_fraction,different_party_fraction
candidate positive excess graph,188,149,3888,0.2211855728751849,39,40,149,26.0,0.0001960784313729258,0.22486169467787143,0.20467106506407132,0.3406060606060608,0.32227366255144035,0.6777263374485597
global excess > 0,188,149,3888,0.2211855728751849,39,40,149,26.0,0.0001960784313729258,0.22486169467787143,0.20467106506407132,0.3406060606060608,0.32227366255144035,0.6777263374485597
global excess >= 0.05,188,149,3495,0.1988280805552395,39,40,149,19.0,0.050256410256410255,0.24189473684210516,0.22486599815291908,0.3406060606060608,0.3582260371959943,0.6417739628040057
global excess >= 0.10,188,148,3127,0.1778928205711685,40,42,143,12.0,0.1003636363636361,0.25839160839160835,0.2429006769873836,0.3406060606060608,0.4003837543971858,0.5996162456028142
global excess >= 0.15,188,147,2939,0.1671976334053931,41,47,88,10.0,0.1504918032786886,0.2610869565217391,0.250319271033971,0.3406060606060608,0.4253147329023477,0.5746852670976522
global excess >= 0.20,188,138,2414,0.13733075435203096,50,57,86,8.0,0.20009345794392508,0.26767470938091387,0.2649162670548053,0.3406060606060608,0.44407622203811103,0.555923777961889
global excess >= 0.25,188,109,1682,0.09568779155762885,79,87,67,3.0,0.2501724137931033,0.2788657804459692,0.28450650367451774,0.3406060606060608,0.4583828775267539,0.5416171224732461
disparity alpha <= 0.05,188,34,32,0.0018204573899192173,154,161,6,0.0,0.09204545454545454,0.21332760444209392,0.22846118817721728,0.3238157894736845,0.90625,0.09375
disparity alpha <= 0.10,188,51,76,0.004323586301058141,137,142,24,0.0,0.09204545454545454,0.2183367346938775,0.23258872875575046,0.3256521739130437,0.9078947368421053,0.09210526315789473
disparity alpha <= 0.20,188,85,219,0.012458755262259643,103,108,57,0.0,0.08422535211267634,0.23891304347826092,0.23352778329281082,0.33618421052631575,0.8264840182648402,0.1735159817351598
disparity alpha <= 0.30,188,149,1198,0.06815337353510069,39,41,144,11.0,0.04363636363636347,0.2761372679045095,0.2503706147087203,0.3392771084337354,0.4574290484140234,0.5425709515859767
