analysis,seed,number_of_communities,modularity
full_ruleB,1001,9.0,0.15270448143851195
full_ruleB,1002,9.0,0.15309845925313192
full_ruleB,1003,9.0,0.15309845925313198
full_ruleB,1004,9.0,0.1529837705370679
full_ruleB,1005,9.0,0.1529837705370682
full_ruleB,1006,9.0,0.1365599774267113
full_ruleB,1007,9.0,0.15298377053706796
full_ruleB,1008,9.0,0.15298377053706824
full_ruleB,1009,9.0,0.15309845925313204
full_ruleB,1010,9.0,0.15298377053706796
full_ruleB,1011,9.0,0.1529837705370679
full_ruleB,1012,9.0,0.15309845925313198
full_ruleB,1013,9.0,0.15309845925313192
full_ruleB,1014,9.0,0.15298377053706802
full_ruleB,1015,9.0,0.15298377053706802
full_ruleB,1016,9.0,0.15309845925313198
full_ruleB,1017,9.0,0.15298377053706813
full_ruleB,1018,9.0,0.15298377053706796
full_ruleB,1019,9.0,0.15298377053706816
full_ruleB,1020,9.0,0.1529837705370679
giant_ruleB,1001,4.0,0.11517987388174114
giant_ruleB,1002,4.0,0.11524046733276339
giant_ruleB,1003,4.0,0.11524046733276344
giant_ruleB,1004,4.0,0.11524046733276352
giant_ruleB,1005,4.0,0.115179873881741
giant_ruleB,1006,4.0,0.11524046733276352
giant_ruleB,1007,4.0,0.11517987388174106
giant_ruleB,1008,4.0,0.11524046733276344
giant_ruleB,1009,4.0,0.115179873881741
giant_ruleB,1010,4.0,0.115179873881741
giant_ruleB,1011,4.0,0.11482672489335642
giant_ruleB,1012,4.0,0.11517987388174106
giant_ruleB,1013,4.0,0.11517987388174111
giant_ruleB,1014,4.0,0.115179873881741
giant_ruleB,1015,4.0,0.115179873881741
giant_ruleB,1016,4.0,0.11524046733276347
giant_ruleB,1017,4.0,0.115179873881741
giant_ruleB,1018,4.0,0.11517987388174106
giant_ruleB,1019,4.0,0.115179873881741
giant_ruleB,1020,4.0,0.11517987388174106
ruleC_representative_seed,1004,11.0,0.15060187856848653
null_degree_preserving,5001,,0.06357498153081342
null_degree_preserving,5002,,0.0652114002002866
null_degree_preserving,5003,,0.06426812383534794
null_degree_preserving,5004,,0.05842316477446244
null_degree_preserving,5005,,0.06327262029329654
null_degree_preserving,5006,,0.05988622384222533
null_degree_preserving,5007,,0.06263733613919807
null_degree_preserving,5008,,0.05862428473193813
null_degree_preserving,5009,,0.06509427376509824
null_degree_preserving,5010,,0.06642063924647995
null_degree_preserving,5011,,0.0647595367333231
null_degree_preserving,5012,,0.0663572331963113
null_degree_preserving,5013,,0.06392139856750631
null_degree_preserving,5014,,0.06064935972633105
null_degree_preserving,5015,,0.060589608089886
null_degree_preserving,5016,,0.06280100965140334
null_degree_preserving,5017,,0.06319483142959426
null_degree_preserving,5018,,0.06152550791516301
null_degree_preserving,5019,,0.060636970751870724
null_degree_preserving,5020,,0.06043847610188413
null_degree_preserving,5021,,0.060381324078192536
null_degree_preserving,5022,,0.06462017516812692
null_degree_preserving,5023,,0.05897456106482158
null_degree_preserving,5024,,0.062056288892725346
null_degree_preserving,5025,,0.06247935392968429
null_degree_preserving,5026,,0.06481495936328904
null_degree_preserving,5027,,0.06304211754257583
null_degree_preserving,5028,,0.060030656233363434
null_degree_preserving,5029,,0.0605383939082943
null_degree_preserving,5030,,0.062422753079344
null_degree_preserving,5031,,0.06024389827752639
null_degree_preserving,5032,,0.06164173101156736
null_degree_preserving,5033,,0.0626012383896522
null_degree_preserving,5034,,0.0676944377757538
null_degree_preserving,5035,,0.06042325480198311
null_degree_preserving,5036,,0.06244213114509348
null_degree_preserving,5037,,0.0633894176484625
null_degree_preserving,5038,,0.05985060135228791
null_degree_preserving,5039,,0.05920636249848174
null_degree_preserving,5040,,0.06303999314699649
null_degree_preserving,5041,,0.06356425668879795
null_degree_preserving,5042,,0.06274220308282094
null_degree_preserving,5043,,0.059662094719005486
null_degree_preserving,5044,,0.06309252584450353
null_degree_preserving,5045,,0.06195055154985307
null_degree_preserving,5046,,0.06315932627460863
null_degree_preserving,5047,,0.06111480222775072
null_degree_preserving,5048,,0.06373671523496305
null_degree_preserving,5049,,0.0647736846151977
null_degree_preserving,5050,,0.0639664211645477
null_degree_preserving,5051,,0.06305532315424481
null_degree_preserving,5052,,0.06333923419548831
null_degree_preserving,5053,,0.06766091938270793
null_degree_preserving,5054,,0.06747262213916158
null_degree_preserving,5055,,0.06433461978280763
null_degree_preserving,5056,,0.06581285226715781
null_degree_preserving,5057,,0.06865561093977937
null_degree_preserving,5058,,0.06764594773497619
null_degree_preserving,5059,,0.0616914173550098
null_degree_preserving,5060,,0.06344422187683221
null_degree_preserving,5061,,0.06207103937962763
null_degree_preserving,5062,,0.06702941340930885
null_degree_preserving,5063,,0.06270911647088251
null_degree_preserving,5064,,0.06042685955560792
null_degree_preserving,5065,,0.06211442789822083
null_degree_preserving,5066,,0.06641136974787903
null_degree_preserving,5067,,0.05876603277215971
null_degree_preserving,5068,,0.06137704848011426
null_degree_preserving,5069,,0.06820940033537815
null_degree_preserving,5070,,0.06469124258558749
null_degree_preserving,5071,,0.06342677029006785
null_degree_preserving,5072,,0.06301362598869142
null_degree_preserving,5073,,0.06106898814404896
null_degree_preserving,5074,,0.06477945515532908
null_degree_preserving,5075,,0.061356205802142044
null_degree_preserving,5076,,0.06390645825839893
null_degree_preserving,5077,,0.06189097212231516
null_degree_preserving,5078,,0.06452321719044947
null_degree_preserving,5079,,0.0653376872201842
null_degree_preserving,5080,,0.06302879613631442
null_degree_preserving,5081,,0.06504263793238432
null_degree_preserving,5082,,0.061677180939969406
null_degree_preserving,5083,,0.06227039970134226
null_degree_preserving,5084,,0.06333531551135471
null_degree_preserving,5085,,0.059443344568214096
null_degree_preserving,5086,,0.05990821889084721
null_degree_preserving,5087,,0.06365132550087657
null_degree_preserving,5088,,0.06280074348737053
null_degree_preserving,5089,,0.06311303095035087
null_degree_preserving,5090,,0.06061205693201279
null_degree_preserving,5091,,0.06315236398944962
null_degree_preserving,5092,,0.06229298498600876
null_degree_preserving,5093,,0.06479168575505173
null_degree_preserving,5094,,0.06476603886313284
null_degree_preserving,5095,,0.06416793654761697
null_degree_preserving,5096,,0.06330600345357236
null_degree_preserving,5097,,0.06500591904770989
null_degree_preserving,5098,,0.06043172896161703
null_degree_preserving,5099,,0.061456385566068986
null_degree_preserving,5100,,0.06550188669212284
