vote_number,afstemning_id,date,afstemningstype,meeting_id,meeting_number,stemme_count,has_individual_votes
2,10379,2025-10-09T08:00:00,Forslag til vedtagelse,15443,3,179,True
3,10380,2025-10-23T10:00:00,Forslag til vedtagelse,15446,6,179,True
4,10408,2025-11-20T10:00:00,Ændringsforslag,15708,14,179,True
5,10381,2025-11-20T10:15:00,Endelig vedtagelse,15454,15,179,True
6,10382,2025-11-20T10:15:00,Endelig vedtagelse,15454,15,179,True
7,10383,2025-11-27T10:00:00,Endelig vedtagelse,15458,19,179,True
8,10384,2025-11-27T10:00:00,Endelig vedtagelse,15458,19,179,True
9,10385,2025-11-27T10:00:00,Endelig vedtagelse,15458,19,179,True
10,10386,2025-11-27T10:00:00,Endelig vedtagelse,15458,19,179,True
11,10387,2025-11-27T10:00:00,Endelig vedtagelse,15458,19,179,True
12,10388,2025-11-27T10:00:00,Endelig vedtagelse,15458,19,179,True
13,10393,2025-12-02T13:00:00,Forslag til vedtagelse,15459,21,179,True
14,10394,2025-12-02T13:00:00,Forslag til vedtagelse,15459,21,179,True
15,10389,2025-12-02T13:00:00,Endelig vedtagelse,15459,21,179,True
16,10390,2025-12-02T13:00:00,Endelig vedtagelse,15459,21,179,True
17,10391,2025-12-02T13:00:00,Endelig vedtagelse,15459,21,179,True
18,10392,2025-12-02T13:00:00,Endelig vedtagelse,15459,21,179,True
19,10405,2025-12-02T13:00:00,Ændringsforslag,15459,21,179,True
20,10406,2025-12-02T13:00:00,Ændringsforslag,15459,21,179,True
21,10407,2025-12-02T13:00:00,Ændringsforslag,15459,21,179,True
22,10395,2025-12-04T10:00:00,Endelig vedtagelse,15461,23,179,True
23,10396,2025-12-04T10:00:00,Endelig vedtagelse,15461,23,179,True
24,10397,2025-12-04T10:00:00,Endelig vedtagelse,15461,23,179,True
25,10398,2025-12-04T10:00:00,Endelig vedtagelse,15461,23,179,True
26,10399,2025-12-04T10:00:00,Endelig vedtagelse,15461,23,179,True
27,10400,2025-12-04T10:00:00,Endelig vedtagelse,15461,23,179,True
28,10401,2025-12-04T10:00:00,Endelig vedtagelse,15461,23,179,True
29,10402,2025-12-04T10:00:00,Endelig vedtagelse,15461,23,179,True
30,10403,2025-12-04T10:00:00,Endelig vedtagelse,15461,23,179,True
31,10404,2025-12-04T10:00:00,Endelig vedtagelse,15461,23,179,True
32,10409,2025-12-09T13:00:00,Endelig vedtagelse,15463,25,179,True
33,10410,2025-12-09T13:00:00,Endelig vedtagelse,15463,25,179,True
34,10411,2025-12-09T13:00:00,Ændringsforslag,15463,25,179,True
35,10412,2025-12-09T13:00:00,Ændringsforslag,15463,25,179,True
36,10413,2025-12-09T13:00:00,Ændringsforslag,15463,25,179,True
37,10414,2025-12-09T13:00:00,Ændringsforslag,15463,25,179,True
38,10447,2025-12-10T09:00:00,Ændringsforslag,15465,26,179,True
39,10448,2025-12-10T09:00:00,Ændringsforslag,15465,26,179,True
40,10449,2025-12-10T09:00:00,Ændringsforslag,15465,26,179,True
41,10450,2025-12-10T09:00:00,Ændringsforslag,15465,26,179,True
42,10451,2025-12-10T09:00:00,Ændringsforslag,15465,26,179,True
43,10452,2025-12-10T09:00:00,Ændringsforslag,15465,26,179,True
44,10453,2025-12-10T09:00:00,Ændringsforslag,15465,26,179,True
45,10454,2025-12-10T09:00:00,Ændringsforslag,15465,26,179,True
46,10455,2025-12-10T09:00:00,Ændringsforslag,15465,26,179,True
47,10456,2025-12-10T09:00:00,Ændringsforslag,15465,26,179,True
48,10457,2025-12-10T09:00:00,Ændringsforslag,15465,26,179,True
50,10458,2025-12-10T09:00:00,Ændringsforslag,15465,26,179,True
51,10459,2025-12-10T09:00:00,Ændringsforslag,15465,26,179,True
52,10460,2025-12-10T09:00:00,Ændringsforslag,15465,26,179,True
53,10461,2025-12-10T09:00:00,Ændringsforslag,15465,26,179,True
54,10462,2025-12-10T09:00:00,Ændringsforslag,15465,26,179,True
55,10463,2025-12-10T09:00:00,Ændringsforslag,15465,26,179,True
56,10464,2025-12-10T09:00:00,Ændringsforslag,15465,26,179,True
57,10465,2025-12-10T09:00:00,Ændringsforslag,15465,26,179,True
58,10466,2025-12-10T09:00:00,Ændringsforslag,15465,26,179,True
59,10467,2025-12-10T09:00:00,Ændringsforslag,15465,26,179,True
60,10468,2025-12-10T09:00:00,Ændringsforslag,15465,26,179,True
61,10469,2025-12-10T09:00:00,Ændringsforslag,15465,26,179,True
62,10470,2025-12-10T09:00:00,Ændringsforslag,15465,26,179,True
63,10471,2025-12-10T09:00:00,Ændringsforslag,15465,26,179,True
64,10472,2025-12-10T09:00:00,Ændringsforslag,15465,26,179,True
66,10473,2025-12-10T09:00:00,Ændringsforslag,15465,26,179,True
67,10474,2025-12-10T09:00:00,Ændringsforslag,15465,26,179,True
68,10475,2025-12-10T09:00:00,Ændringsforslag,15465,26,179,True
69,10476,2025-12-10T09:00:00,Ændringsforslag,15465,26,179,True
70,10477,2025-12-10T09:00:00,Ændringsforslag,15465,26,179,True
71,10478,2025-12-10T09:00:00,Ændringsforslag,15465,26,179,True
73,10479,2025-12-10T09:00:00,Ændringsforslag,15465,26,179,True
74,10480,2025-12-10T09:00:00,Ændringsforslag,15465,26,179,True
75,10481,2025-12-10T09:00:00,Ændringsforslag,15465,26,179,True
76,10482,2025-12-10T09:00:00,Ændringsforslag,15465,26,179,True
77,10483,2025-12-10T09:00:00,Ændringsforslag,15465,26,179,True
78,10484,2025-12-10T09:00:00,Ændringsforslag,15465,26,179,True
79,10485,2025-12-10T09:00:00,Ændringsforslag,15465,26,179,True
80,10486,2025-12-10T09:00:00,Ændringsforslag,15465,26,179,True
81,10487,2025-12-10T09:00:00,Ændringsforslag,15465,26,179,True
82,10488,2025-12-10T09:00:00,Ændringsforslag,15465,26,179,True
84,10489,2025-12-10T09:00:00,Ændringsforslag,15465,26,179,True
85,10490,2025-12-10T09:00:00,Ændringsforslag,15465,26,179,True
86,10491,2025-12-10T09:00:00,Ændringsforslag,15465,26,179,True
87,10492,2025-12-10T09:00:00,Ændringsforslag,15465,26,179,True
88,10493,2025-12-10T09:00:00,Ændringsforslag,15465,26,179,True
89,10494,2025-12-10T09:00:00,Ændringsforslag,15465,26,179,True
90,10495,2025-12-10T09:00:00,Ændringsforslag,15465,26,179,True
91,10496,2025-12-10T09:00:00,Ændringsforslag,15465,26,179,True
92,10497,2025-12-10T09:00:00,Ændringsforslag,15465,26,179,True
93,10498,2025-12-10T09:00:00,Ændringsforslag,15465,26,179,True
94,10499,2025-12-10T09:00:00,Ændringsforslag,15465,26,179,True
95,10500,2025-12-10T09:00:00,Ændringsforslag,15465,26,179,True
96,10501,2025-12-10T09:00:00,Ændringsforslag,15465,26,179,True
97,10502,2025-12-10T09:00:00,Ændringsforslag,15465,26,179,True
98,10503,2025-12-10T09:00:00,Ændringsforslag,15465,26,179,True
99,10504,2025-12-10T09:00:00,Ændringsforslag,15465,26,179,True
100,10439,2025-12-10T09:00:00,Ændringsforslag,15465,26,179,True
101,10440,2025-12-10T09:00:00,Ændringsforslag,15465,26,179,True
102,10441,2025-12-10T09:00:00,Ændringsforslag,15465,26,179,True
103,10442,2025-12-10T09:00:00,Ændringsforslag,15465,26,179,True
104,10443,2025-12-10T09:00:00,Ændringsforslag,15465,26,179,True
105,10444,2025-12-10T09:00:00,Ændringsforslag,15465,26,179,True
106,10445,2025-12-10T09:00:00,Ændringsforslag,15465,26,179,True
107,10446,2025-12-10T09:00:00,Ændringsforslag,15465,26,179,True
108,10415,2025-12-11T10:00:00,Endelig vedtagelse,15466,27,179,True
109,10416,2025-12-11T10:00:00,Endelig vedtagelse,15466,27,179,True
110,10417,2025-12-11T10:00:00,Endelig vedtagelse,15466,27,179,True
111,10418,2025-12-11T10:00:00,Endelig vedtagelse,15466,27,179,True
112,10419,2025-12-11T10:00:00,Endelig vedtagelse,15466,27,179,True
113,10420,2025-12-11T10:00:00,Endelig vedtagelse,15466,27,179,True
114,10421,2025-12-11T10:00:00,Endelig vedtagelse,15466,27,179,True
115,10422,2025-12-11T10:00:00,Endelig vedtagelse,15466,27,179,True
116,10423,2025-12-11T10:00:00,Endelig vedtagelse,15466,27,179,True
117,10424,2025-12-11T10:00:00,Endelig vedtagelse,15466,27,179,True
118,10425,2025-12-11T10:00:00,Endelig vedtagelse,15466,27,179,True
119,10435,2025-12-11T10:00:00,Ændringsforslag,15466,27,179,True
120,10436,2025-12-11T10:00:00,Ændringsforslag,15466,27,179,True
121,10437,2025-12-11T10:00:00,Ændringsforslag,15466,27,179,True
122,10438,2025-12-11T10:00:00,Ændringsforslag,15466,27,179,True
123,10426,2025-12-16T13:00:00,Endelig vedtagelse,15469,29,179,True
124,10427,2025-12-16T13:00:00,Endelig vedtagelse,15469,29,179,True
125,10428,2025-12-16T13:00:00,Endelig vedtagelse,15469,29,179,True
126,10429,2025-12-16T13:00:00,Endelig vedtagelse,15469,29,179,True
127,10430,2025-12-16T13:00:00,Endelig vedtagelse,15469,29,179,True
128,10431,2025-12-16T13:00:00,Endelig vedtagelse,15469,29,179,True
129,10432,2025-12-16T13:00:00,Endelig vedtagelse,15469,29,179,True
130,10433,2025-12-16T13:00:00,Endelig vedtagelse,15469,29,179,True
131,10434,2025-12-16T13:00:00,Ændringsforslag,15469,29,179,True
132,10505,2025-12-18T10:00:00,Endelig vedtagelse,15471,31,179,True
133,10506,2025-12-18T10:00:00,Endelig vedtagelse,15471,31,179,True
134,10507,2025-12-18T10:00:00,Endelig vedtagelse,15471,31,179,True
135,10508,2025-12-18T10:00:00,Endelig vedtagelse,15471,31,179,True
136,10509,2025-12-18T10:00:00,Endelig vedtagelse,15471,31,179,True
137,10510,2025-12-18T10:00:00,Endelig vedtagelse,15471,31,179,True
138,10511,2025-12-18T10:00:00,Endelig vedtagelse,15471,31,179,True
139,10512,2025-12-18T10:00:00,Endelig vedtagelse,15471,31,179,True
140,10513,2025-12-18T10:00:00,Endelig vedtagelse,15471,31,179,True
141,10514,2025-12-18T10:00:00,Endelig vedtagelse,15471,31,179,True
142,10515,2025-12-18T10:00:00,Endelig vedtagelse,15471,31,179,True
143,10516,2025-12-18T10:00:00,Endelig vedtagelse,15471,31,179,True
144,10517,2025-12-18T10:00:00,Endelig vedtagelse,15471,31,179,True
145,10518,2025-12-18T10:00:00,Endelig vedtagelse,15471,31,179,True
146,10519,2025-12-18T10:00:00,Endelig vedtagelse,15471,31,179,True
147,10520,2025-12-18T10:00:00,Endelig vedtagelse,15471,31,179,True
148,10521,2025-12-18T10:00:00,Endelig vedtagelse,15471,31,179,True
149,10522,2025-12-18T10:00:00,Endelig vedtagelse,15471,31,179,True
150,10523,2025-12-18T10:00:00,Endelig vedtagelse,15471,31,179,True
151,10524,2025-12-18T10:00:00,Endelig vedtagelse,15471,31,179,True
152,10533,2025-12-19T09:00:00,Forslag til vedtagelse,15470,32,0,False
153,10525,2025-12-19T09:00:00,Endelig vedtagelse,15470,32,0,False
154,10526,2025-12-19T09:00:00,Endelig vedtagelse,15470,32,0,False
155,10527,2025-12-19T09:00:00,Endelig vedtagelse,15470,32,0,False
156,10528,2025-12-19T09:00:00,Endelig vedtagelse,15470,32,0,False
157,10529,2025-12-19T09:00:00,Endelig vedtagelse,15470,32,0,False
158,10530,2025-12-19T09:00:00,Endelig vedtagelse,15470,32,0,False
159,10531,2025-12-19T09:00:00,Endelig vedtagelse,15470,32,0,False
160,10532,2025-12-19T09:00:00,Endelig vedtagelse,15470,32,0,False
161,10534,2025-12-19T09:00:00,Endelig vedtagelse,15470,32,0,False
162,10535,2025-12-19T09:00:00,Endelig vedtagelse,15470,32,0,False
163,10536,2025-12-19T09:00:00,Endelig vedtagelse,15470,32,0,False
164,10537,2025-12-19T09:00:00,Endelig vedtagelse,15470,32,0,False
165,10538,2025-12-19T09:00:00,Endelig vedtagelse,15470,32,0,False
166,10539,2025-12-19T09:00:00,Endelig vedtagelse,15470,32,0,False
167,10540,2025-12-19T09:00:00,Endelig vedtagelse,15470,32,0,False
168,10541,2025-12-19T09:00:00,Endelig vedtagelse,15470,32,0,False
169,10542,2025-12-19T09:00:00,Endelig vedtagelse,15470,32,0,False
170,10543,2025-12-19T09:00:00,Endelig vedtagelse,15470,32,0,False
171,10546,2026-01-22T10:00:00,Forslag til vedtagelse,15483,42,179,True
172,10544,2026-01-22T10:00:00,Endelig vedtagelse,15483,42,179,True
173,10545,2026-01-22T10:00:00,Endelig vedtagelse,15483,42,179,True
174,10547,2026-01-29T10:00:00,Endelig vedtagelse,15487,46,179,True
175,10548,2026-01-29T10:00:00,Endelig vedtagelse,15487,46,179,True
176,10549,2026-01-29T10:00:00,Endelig vedtagelse,15487,46,179,True
177,10554,2026-02-05T10:00:00,Forslag til vedtagelse,15489,49,0,False
178,10550,2026-02-05T10:00:00,Endelig vedtagelse,15489,49,0,False
179,10551,2026-02-05T10:00:00,Endelig vedtagelse,15489,49,0,False
180,10552,2026-02-05T10:00:00,Endelig vedtagelse,15489,49,0,False
181,10553,2026-02-05T10:00:00,Endelig vedtagelse,15489,49,0,False
183,10555,2026-02-19T10:00:00,Endelig vedtagelse,15494,52,179,True
184,10556,2026-02-19T10:00:00,Endelig vedtagelse,15494,52,179,True
185,10557,2026-02-19T10:00:00,Endelig vedtagelse,15494,52,179,True
186,10558,2026-02-19T10:00:00,Endelig vedtagelse,15494,52,179,True
187,10559,2026-02-19T10:00:00,Endelig vedtagelse,15494,52,179,True
188,10560,2026-02-19T10:00:00,Endelig vedtagelse,15494,52,179,True
189,10561,2026-02-19T10:00:00,Endelig vedtagelse,15494,52,179,True
190,10562,2026-02-19T10:00:00,Endelig vedtagelse,15494,52,179,True
191,10563,2026-02-19T10:00:00,Endelig vedtagelse,15494,52,179,True
205,10568,2026-02-26T10:20:00,Forslag til vedtagelse,15496,57,179,True
206,10569,2026-02-26T10:20:00,Forslag til vedtagelse,15496,57,179,True
207,10570,2026-02-26T10:20:00,Forslag til vedtagelse,15496,57,179,True
208,10564,2026-02-26T10:20:00,Endelig vedtagelse,15496,57,179,True
209,10565,2026-02-26T10:20:00,Endelig vedtagelse,15496,57,179,True
211,10566,2026-02-26T10:20:00,Endelig vedtagelse,15496,57,179,True
212,10567,2026-02-26T10:20:00,Endelig vedtagelse,15496,57,179,True
