politician_id,votes_with_recorded_row,votes_participated,participation_rate,eligible_pairs_n_shared_ge_40
12,168,70,0.4166666666666667,98
18,168,131,0.7797619047619048,137
34,168,109,0.6488095238095238,104
38,168,60,0.35714285714285715,82
43,168,5,0.02976190476190476,0
48,168,38,0.2261904761904762,0
49,168,136,0.8095238095238095,131
57,168,39,0.23214285714285715,0
74,168,136,0.8095238095238095,135
80,168,135,0.8035714285714286,132
82,168,147,0.875,141
93,168,156,0.9285714285714286,144
97,168,150,0.8928571428571429,143
99,168,126,0.75,127
102,168,156,0.9285714285714286,144
109,168,32,0.19047619047619047,0
110,168,40,0.23809523809523808,16
112,168,80,0.47619047619047616,118
113,168,107,0.6369047619047619,101
118,168,86,0.5119047619047619,122
119,168,137,0.8154761904761905,140
120,168,115,0.6845238095238095,104
121,168,104,0.6190476190476191,98
125,168,94,0.5595238095238095,98
127,168,148,0.8809523809523809,146
130,168,37,0.22023809523809523,0
134,168,36,0.21428571428571427,0
138,168,1,0.005952380952380952,0
139,168,53,0.31547619047619047,70
141,168,16,0.09523809523809523,0
145,168,1,0.005952380952380952,0
152,168,144,0.8571428571428571,138
154,168,27,0.16071428571428573,0
162,168,52,0.30952380952380953,60
164,168,85,0.5059523809523809,123
168,168,153,0.9107142857142857,144
173,168,23,0.13690476190476192,0
176,168,101,0.6011904761904762,98
180,168,149,0.8869047619047619,140
182,168,78,0.4642857142857143,98
191,168,131,0.7797619047619048,137
199,168,116,0.6904761904761905,112
201,168,143,0.8511904761904762,142
206,168,1,0.005952380952380952,0
208,168,105,0.625,98
213,168,147,0.875,145
214,168,63,0.375,91
217,36,18,0.10714285714285714,0
219,168,28,0.16666666666666666,0
220,168,15,0.08928571428571429,0
224,168,130,0.7738095238095238,132
238,168,7,0.041666666666666664,0
244,168,57,0.3392857142857143,81
252,168,65,0.3869047619047619,94
257,168,146,0.8690476190476191,141
260,168,117,0.6964285714285714,119
262,168,1,0.005952380952380952,0
266,168,127,0.7559523809523809,122
273,168,159,0.9464285714285714,147
278,168,162,0.9642857142857143,147
286,168,159,0.9464285714285714,147
667,168,127,0.7559523809523809,128
1146,168,77,0.4583333333333333,113
1454,163,56,0.3333333333333333,74
1619,168,148,0.8809523809523809,143
1845,168,110,0.6547619047619048,105
11702,168,125,0.7440476190476191,120
15757,168,0,0.0,0
15760,168,64,0.38095238095238093,91
15762,168,133,0.7916666666666666,131
15763,168,133,0.7916666666666666,126
15770,168,62,0.36904761904761907,89
15774,168,50,0.2976190476190476,56
15775,168,83,0.49404761904761907,98
15776,168,75,0.44642857142857145,114
15777,168,76,0.4523809523809524,98
15779,168,60,0.35714285714285715,79
15787,168,145,0.8630952380952381,145
15793,168,107,0.6369047619047619,103
16180,168,72,0.42857142857142855,111
16351,168,165,0.9821428571428571,149
16503,168,24,0.14285714285714285,0
16582,168,162,0.9642857142857143,148
16728,168,124,0.7380952380952381,126
17141,168,92,0.5476190476190477,98
17628,16,13,0.07738095238095238,0
17629,168,66,0.39285714285714285,99
18688,166,0,0.0,0
18693,168,70,0.4166666666666667,106
18694,168,163,0.9702380952380952,147
18695,168,153,0.9107142857142857,143
18696,168,74,0.44047619047619047,114
18698,132,66,0.39285714285714285,100
18699,168,161,0.9583333333333334,147
18700,168,59,0.35119047619047616,83
18701,168,28,0.16666666666666666,0
18703,168,1,0.005952380952380952,0
18704,152,77,0.4583333333333333,110
18707,168,157,0.9345238095238095,145
18708,168,104,0.6190476190476191,99
18709,168,99,0.5892857142857143,98
18713,168,110,0.6547619047619048,107
18715,168,71,0.4226190476190476,103
18716,168,71,0.4226190476190476,106
18717,166,138,0.8214285714285714,133
18718,168,161,0.9583333333333334,147
18719,168,111,0.6607142857142857,111
18720,168,154,0.9166666666666666,145
18721,168,89,0.5297619047619048,130
18722,168,0,0.0,0
18723,168,53,0.31547619047619047,70
18724,168,87,0.5178571428571429,126
18725,168,125,0.7440476190476191,117
18726,168,82,0.4880952380952381,116
18729,168,139,0.8273809523809523,135
18882,166,25,0.1488095238095238,0
19000,168,92,0.5476190476190477,127
19928,168,135,0.8035714285714286,133
20349,168,72,0.42857142857142855,98
20350,168,34,0.20238095238095238,0
20351,168,1,0.005952380952380952,0
20352,168,125,0.7440476190476191,118
20353,168,46,0.27380952380952384,51
20354,168,6,0.03571428571428571,0
20355,168,83,0.49404761904761907,123
20356,168,144,0.8571428571428571,138
20357,168,74,0.44047619047619047,113
20358,168,3,0.017857142857142856,0
20359,168,161,0.9583333333333334,147
20360,168,89,0.5297619047619048,124
20361,16,15,0.08928571428571429,0
20362,168,153,0.9107142857142857,144
20363,168,159,0.9464285714285714,147
20364,168,153,0.9107142857142857,145
20365,168,139,0.8273809523809523,130
20366,168,30,0.17857142857142858,0
20367,168,166,0.9880952380952381,149
20368,168,135,0.8035714285714286,139
20369,168,140,0.8333333333333334,138
20370,168,73,0.43452380952380953,108
20371,168,145,0.8630952380952381,136
20372,168,47,0.27976190476190477,35
20373,168,56,0.3333333333333333,74
20374,168,133,0.7916666666666666,137
20375,168,109,0.6488095238095238,109
20376,168,159,0.9464285714285714,145
20377,168,84,0.5,125
20378,168,166,0.9880952380952381,148
20379,7,0,0.0,0
20380,16,10,0.05952380952380952,0
20381,168,149,0.8869047619047619,145
20382,168,18,0.10714285714285714,0
20383,168,43,0.25595238095238093,33
20384,168,86,0.5119047619047619,98
20385,168,68,0.40476190476190477,100
20386,168,109,0.6488095238095238,103
20388,168,50,0.2976190476190476,64
20389,168,155,0.9226190476190477,147
20390,168,73,0.43452380952380953,110
20391,168,137,0.8154761904761905,134
20392,168,42,0.25,28
20393,168,137,0.8154761904761905,136
20394,168,138,0.8214285714285714,133
20395,168,133,0.7916666666666666,134
20396,168,92,0.5476190476190477,98
20397,168,46,0.27380952380952384,36
20398,168,153,0.9107142857142857,143
20399,168,135,0.8035714285714286,132
20400,168,162,0.9642857142857143,148
20411,168,69,0.4107142857142857,106
20415,168,164,0.9761904761904762,147
20496,161,136,0.8095238095238095,134
20781,168,159,0.9464285714285714,145
20798,168,159,0.9464285714285714,148
20820,168,93,0.5535714285714286,129
20917,5,4,0.023809523809523808,0
20925,168,158,0.9404761904761905,147
20930,152,81,0.48214285714285715,120
20962,168,80,0.47619047619047616,114
20966,168,71,0.4226190476190476,105
21044,168,168,1.0,149
21083,2,2,0.011904761904761904,0
21143,168,125,0.7440476190476191,120
21159,152,144,0.8571428571428571,139
21168,168,126,0.75,120
21186,2,2,0.011904761904761904,0
21194,168,62,0.36904761904761907,93
21206,2,0,0.0,0
