,1001,1002,1003,1004,1005,1006,1007,1008,1009,1010,1011,1012,1013,1014,1015,1016,1017,1018,1019,1020
1001,1.0,0.9431709913764148,0.9431709913764148,0.9431709913764148,0.9431709913764148,0.8344479124646449,0.9431709913764148,0.9431709913764148,0.9431709913764148,0.9431709913764148,0.9431709913764148,0.9431709913764148,0.9431709913764148,0.9431709913764148,0.9431709913764148,0.9431709913764148,0.9431709913764148,0.9431709913764148,0.9431709913764148,0.9431709913764148
1002,0.9431709913764148,1.0,1.0,0.9628847970558653,0.9628847970558653,0.8160156081549157,0.9628847970558653,0.9628847970558653,1.0,0.9628847970558653,0.9628847970558653,1.0,1.0,0.9628847970558653,0.9628847970558653,1.0,0.9628847970558653,0.9628847970558653,0.9628847970558653,0.9628847970558653
1003,0.9431709913764148,1.0,1.0,0.9628847970558653,0.9628847970558653,0.8160156081549157,0.9628847970558653,0.9628847970558653,1.0,0.9628847970558653,0.9628847970558653,1.0,1.0,0.9628847970558653,0.9628847970558653,1.0,0.9628847970558653,0.9628847970558653,0.9628847970558653,0.9628847970558653
1004,0.9431709913764148,0.9628847970558653,0.9628847970558653,1.0,1.0,0.8160156081549157,1.0,1.0,0.9628847970558653,1.0,1.0,0.9628847970558653,0.9628847970558653,1.0,1.0,0.9628847970558653,1.0,1.0,1.0,1.0
1005,0.9431709913764148,0.9628847970558653,0.9628847970558653,1.0,1.0,0.8160156081549157,1.0,1.0,0.9628847970558653,1.0,1.0,0.9628847970558653,0.9628847970558653,1.0,1.0,0.9628847970558653,1.0,1.0,1.0,1.0
1006,0.8344479124646449,0.8160156081549157,0.8160156081549157,0.8160156081549157,0.8160156081549157,1.0,0.8160156081549157,0.8160156081549157,0.8160156081549157,0.8160156081549157,0.8160156081549157,0.8160156081549157,0.8160156081549157,0.8160156081549157,0.8160156081549157,0.8160156081549157,0.8160156081549157,0.8160156081549157,0.8160156081549157,0.8160156081549157
1007,0.9431709913764148,0.9628847970558653,0.9628847970558653,1.0,1.0,0.8160156081549157,1.0,1.0,0.9628847970558653,1.0,1.0,0.9628847970558653,0.9628847970558653,1.0,1.0,0.9628847970558653,1.0,1.0,1.0,1.0
1008,0.9431709913764148,0.9628847970558653,0.9628847970558653,1.0,1.0,0.8160156081549157,1.0,1.0,0.9628847970558653,1.0,1.0,0.9628847970558653,0.9628847970558653,1.0,1.0,0.9628847970558653,1.0,1.0,1.0,1.0
1009,0.9431709913764148,1.0,1.0,0.9628847970558653,0.9628847970558653,0.8160156081549157,0.9628847970558653,0.9628847970558653,1.0,0.9628847970558653,0.9628847970558653,1.0,1.0,0.9628847970558653,0.9628847970558653,1.0,0.9628847970558653,0.9628847970558653,0.9628847970558653,0.9628847970558653
1010,0.9431709913764148,0.9628847970558653,0.9628847970558653,1.0,1.0,0.8160156081549157,1.0,1.0,0.9628847970558653,1.0,1.0,0.9628847970558653,0.9628847970558653,1.0,1.0,0.9628847970558653,1.0,1.0,1.0,1.0
1011,0.9431709913764148,0.9628847970558653,0.9628847970558653,1.0,1.0,0.8160156081549157,1.0,1.0,0.9628847970558653,1.0,1.0,0.9628847970558653,0.9628847970558653,1.0,1.0,0.9628847970558653,1.0,1.0,1.0,1.0
1012,0.9431709913764148,1.0,1.0,0.9628847970558653,0.9628847970558653,0.8160156081549157,0.9628847970558653,0.9628847970558653,1.0,0.9628847970558653,0.9628847970558653,1.0,1.0,0.9628847970558653,0.9628847970558653,1.0,0.9628847970558653,0.9628847970558653,0.9628847970558653,0.9628847970558653
1013,0.9431709913764148,1.0,1.0,0.9628847970558653,0.9628847970558653,0.8160156081549157,0.9628847970558653,0.9628847970558653,1.0,0.9628847970558653,0.9628847970558653,1.0,1.0,0.9628847970558653,0.9628847970558653,1.0,0.9628847970558653,0.9628847970558653,0.9628847970558653,0.9628847970558653
1014,0.9431709913764148,0.9628847970558653,0.9628847970558653,1.0,1.0,0.8160156081549157,1.0,1.0,0.9628847970558653,1.0,1.0,0.9628847970558653,0.9628847970558653,1.0,1.0,0.9628847970558653,1.0,1.0,1.0,1.0
1015,0.9431709913764148,0.9628847970558653,0.9628847970558653,1.0,1.0,0.8160156081549157,1.0,1.0,0.9628847970558653,1.0,1.0,0.9628847970558653,0.9628847970558653,1.0,1.0,0.9628847970558653,1.0,1.0,1.0,1.0
1016,0.9431709913764148,1.0,1.0,0.9628847970558653,0.9628847970558653,0.8160156081549157,0.9628847970558653,0.9628847970558653,1.0,0.9628847970558653,0.9628847970558653,1.0,1.0,0.9628847970558653,0.9628847970558653,1.0,0.9628847970558653,0.9628847970558653,0.9628847970558653,0.9628847970558653
1017,0.9431709913764148,0.9628847970558653,0.9628847970558653,1.0,1.0,0.8160156081549157,1.0,1.0,0.9628847970558653,1.0,1.0,0.9628847970558653,0.9628847970558653,1.0,1.0,0.9628847970558653,1.0,1.0,1.0,1.0
1018,0.9431709913764148,0.9628847970558653,0.9628847970558653,1.0,1.0,0.8160156081549157,1.0,1.0,0.9628847970558653,1.0,1.0,0.9628847970558653,0.9628847970558653,1.0,1.0,0.9628847970558653,1.0,1.0,1.0,1.0
1019,0.9431709913764148,0.9628847970558653,0.9628847970558653,1.0,1.0,0.8160156081549157,1.0,1.0,0.9628847970558653,1.0,1.0,0.9628847970558653,0.9628847970558653,1.0,1.0,0.9628847970558653,1.0,1.0,1.0,1.0
1020,0.9431709913764148,0.9628847970558653,0.9628847970558653,1.0,1.0,0.8160156081549157,1.0,1.0,0.9628847970558653,1.0,1.0,0.9628847970558653,0.9628847970558653,1.0,1.0,0.9628847970558653,1.0,1.0,1.0,1.0
