community,size,party_KF,party_M,party_RV,party_S,party_SP,party_V,mean_participation_rate,mean_strength,party_DF,party_DD,party_UFG,party_LA,party_ALT,party_EL,party_SF
0,46,7.0,4.0,5.0,21.0,1.0,8.0,0.7373188405797101,17.15337982562015,,,,,,,
1,5,,,,,,,0.6690476190476191,0.7290532523876011,5.0,,,,,,
2,14,,,,,,,0.5795068027210883,2.0887045913044333,,14.0,,,,,
3,39,,5.0,,23.0,,10.0,0.6805555555555555,15.679328871745943,,,1.0,,,,
4,18,3.0,,,,,,0.5823412698412699,1.9365050426787416,,1.0,,14.0,,,
5,25,,,,,,,0.6299999999999999,1.5956996621311057,,,,,5.0,8.0,12.0
6,1,,,,,,,0.5178571428571429,0.0,,,1.0,,,,
7,1,,,,,,,0.2559523809523809,0.0,,,1.0,,,,
8,1,,,,,,,0.4345238095238095,0.0,,,1.0,,,,
