politician_id,politician_name,party,votes_with_recorded_row,votes_participated_in,votes_absent,participation_rate
12,Nicolai Wammen,S,168,70,98,0.4166666666666667
18,Alex Ahrendtsen,DF,168,131,37,0.7797619047619048
34,Søren Espersen,DD,168,109,59,0.6488095238095238
38,Astrid Krag,S,168,60,108,0.35714285714285715
43,Pia Olsen Dyhr,SF,168,5,163,0.02976190476190476
48,Peter Skaarup,DD,168,38,130,0.2261904761904762
49,Erling Bonnesen,V,168,136,32,0.8095238095238095
57,Jakob Engel-Schmidt,M,168,39,129,0.23214285714285715
74,Mette Reissmann,S,168,136,32,0.8095238095238095
80,Torsten Schack Pedersen,V,168,135,33,0.8035714285714286
82,Hans Kristian Skibby,DD,168,147,21,0.875
93,Louise Elholm,V,168,156,12,0.9285714285714286
97,Jesper Petersen,S,168,150,18,0.8928571428571429
99,Ole Birk Olesen,LA,168,126,42,0.75
102,Jan E. Jørgensen,V,168,156,12,0.9285714285714286
109,Trine Pertou Mach,EL,168,32,136,0.19047619047619047
110,Rosa Lund,EL,168,40,128,0.23809523809523808
112,Lotte Rod,RV,168,80,88,0.47619047619047616
113,Jens Henrik Thulesen Dahl,DD,168,107,61,0.6369047619047619
118,Trine Bramsen,S,168,86,82,0.5119047619047619
119,Dennis Flydtkjær,DD,168,137,31,0.8154761904761905
120,Benny Engelbrecht,S,168,115,53,0.6845238095238095
121,Karina Lorentzen Dehnhardt,SF,168,104,64,0.6190476190476191
125,Hans Christian Schmidt,V,168,94,74,0.5595238095238095
127,Preben Bang Henriksen,V,168,148,20,0.8809523809523809
130,Sophie Løhde,V,168,37,131,0.22023809523809523
134,Christian Friis Bach,V,168,36,132,0.21428571428571427
138,Mette Frederiksen,S,168,1,167,0.005952380952380952
139,Thomas Danielsen,V,168,53,115,0.31547619047619047
141,Martin Lidegaard,RV,168,16,152,0.09523809523809523
145,Lars Løkke Rasmussen,M,168,1,167,0.005952380952380952
152,Ida Auken,S,168,144,24,0.8571428571428571
154,Mogens Jensen,S,168,27,141,0.16071428571428573
162,Karina Adsbøl,DD,168,52,116,0.30952380952380953
164,Hans Andersen,V,168,85,83,0.5059523809523809
168,Anni Matthiesen,V,168,153,15,0.9107142857142857
173,Jacob Jensen,V,168,23,145,0.13690476190476192
176,Søren Søndergaard,EL,168,101,67,0.6011904761904762
180,Peter Juel-Jensen,V,168,149,19,0.8869047619047619
182,Inger Støjberg,DD,168,78,90,0.4642857142857143
191,Zenia Stampe,RV,168,131,37,0.7797619047619048
199,Karsten Hønge,SF,168,116,52,0.6904761904761905
201,Thomas Jensen,S,168,143,25,0.8511904761904762
206,Troels Lund Poulsen,V,168,1,167,0.005952380952380952
208,Simon Kollerup,S,168,105,63,0.625
213,Jens Joel,S,168,147,21,0.875
214,Jeppe Bruus,S,168,63,105,0.375
217,Lars Christian Lilleholt,V,36,18,18,0.10714285714285714
219,Lisbeth Bech-Nielsen,SF,168,28,140,0.16666666666666666
220,Morten Bødskov,S,168,15,153,0.08928571428571429
224,Flemming Møller Mortensen,S,168,130,38,0.7738095238095238
238,Morten Messerschmidt,DF,168,7,161,0.041666666666666664
244,Magnus Heunicke,S,168,57,111,0.3392857142857143
252,Pia Kjærsgaard,DF,168,65,103,0.3869047619047619
257,Bjarne Laustsen,S,168,146,22,0.8690476190476191
260,Leif Lahn Jensen,S,168,117,51,0.6964285714285714
262,Sjúrður Skaale,JF,168,1,167,0.005952380952380952
266,Rasmus Horn Langhoff,S,168,127,41,0.7559523809523809
273,Per Husted,S,168,159,9,0.9464285714285714
278,Karin Gaardsted,S,168,162,6,0.9642857142857143
286,Ane Halsboe-Jørgensen,S,168,159,9,0.9464285714285714
667,Søren Egge Rasmussen,EL,168,127,41,0.7559523809523809
1146,Marlene Harpsøe,DD,168,77,91,0.4583333333333333
1454,Rasmus Jarlov,KF,163,56,107,0.3333333333333333
1619,Yildiz Akdogan,S,168,148,20,0.8809523809523809
1845,Søren Gade,V,168,110,58,0.6547619047619048
11702,Per Larsen,KF,168,125,43,0.7440476190476191
15757,Aaja Chemnitz,IA,168,0,168,0.0
15760,Lea Wermelin,S,168,64,104,0.38095238095238093
15762,Christian Rabjerg Madsen,S,168,133,35,0.7916666666666666
15763,Peter Kofod,DF,168,133,35,0.7916666666666666
15770,Mattias Tesfaye,S,168,62,106,0.36904761904761907
15774,Lise Bech,DD,168,50,118,0.2976190476190476
15775,Torsten Gejl,ALT,168,83,85,0.49404761904761907
15776,Peter Hummelgaard,S,168,75,93,0.44642857142857145
15777,Pelle Dragsted,EL,168,76,92,0.4523809523809524
15779,Carsten Bach,LA,168,60,108,0.35714285714285715
15787,Kaare Dybvad Bek,S,168,145,23,0.8630952380952381
15793,Mette Abildgaard,KF,168,107,61,0.6369047619047619
16180,Kasper Roug,S,168,72,96,0.42857142857142855
16351,Malte Larsen,S,168,165,3,0.9821428571428571
16503,Anne Paulin,S,168,24,144,0.14285714285714285
16582,Peder Hvelplund,EL,168,162,6,0.9642857142857143
16728,Kirsten Normann Andersen,SF,168,124,44,0.7380952380952381
17141,Brigitte Klintskov Jerkel,KF,168,92,76,0.5476190476190477
17628,Carl Valentin,SF,16,13,3,0.07738095238095238
17629,Mads Fuglede,DD,168,66,102,0.39285714285714285
18688,Aki-Matilda Høegh-Dam,N,166,0,166,0.0
18693,Mai Villadsen,EL,168,70,98,0.4166666666666667
18694,Victoria Velasquez,EL,168,163,5,0.9702380952380952
18695,Kim Valentin,V,168,153,15,0.9107142857142857
18696,Morten Dahlin,V,168,74,94,0.44047619047619047
18698,Marlene Ambo-Rasmussen,V,132,66,66,0.39285714285714285
18699,Christoffer Aagaard Melson,V,168,161,7,0.9583333333333334
18700,Heidi Bank,V,168,59,109,0.35119047619047616
18701,Marie Bjerre,V,168,28,140,0.16666666666666666
18703,Alex Vanopslagh,LA,168,1,167,0.005952380952380952
18704,Halime Oguz,SF,152,77,75,0.4583333333333333
18707,Astrid Carøe,SF,168,157,11,0.9345238095238095
18708,Charlotte Broman Mølbæk,SF,168,104,64,0.6190476190476191
18709,Signe Munk,SF,168,99,69,0.5892857142857143
18713,Mona Juul,KF,168,110,58,0.6547619047619048
18715,Henrik Møller,S,168,71,97,0.4226190476190476
18716,Rasmus Stoklund,S,168,71,97,0.4226190476190476
18717,Bjørn Brandenborg,S,166,138,28,0.8214285714285714
18718,Anders Kronborg,S,168,161,7,0.9583333333333334
18719,Birgitte Vind,S,168,111,57,0.6607142857142857
18720,Camilla Fabricius,S,168,154,14,0.9166666666666666
18721,Mette Thiesen,DF,168,89,79,0.5297619047619048
18722,Peter Seier Christensen,UFG,168,0,168,0.0
18723,Pernille Vermund,LA,168,53,115,0.31547619047619047
18724,Lars Boje Mathiesen,UFG,168,87,81,0.5178571428571429
18725,Samira Nawa,RV,168,125,43,0.7440476190476191
18726,Stinus Lindgreen,RV,168,82,86,0.4880952380952381
18729,Katrine Robsøe,RV,168,139,29,0.8273809523809523
18882,Tanja Larsson,S,166,25,141,0.1488095238095238
19000,Theresa Berg Andersen,SF,168,92,76,0.5476190476190477
19928,Kim Aas,S,168,135,33,0.8035714285714286
20349,Anna Falkenberg,SP,168,72,96,0.42857142857142855
20350,Nick Zimmermann,DF,168,34,134,0.20238095238095238
20351,Franciska Rosenkilde,ALT,168,1,167,0.005952380952380952
20352,Helene Brydensholt,ALT,168,125,43,0.7440476190476191
20353,Sascha Faxe,ALT,168,46,122,0.27380952380952384
20354,Theresa Scavenius,UFG,168,6,162,0.03571428571428571
20355,Kim Edberg Andersen,DD,168,83,85,0.49404761904761907
20356,Mikkel Bjørn,DF,168,144,24,0.8571428571428571
20357,Lise Bertelsen,KF,168,74,94,0.44047619047619047
20358,Marianne Bigum,SF,168,3,165,0.017857142857142856
20359,Sigurd Agersnap,SF,168,161,7,0.9583333333333334
20360,Sofie Lippert,SF,168,89,79,0.5297619047619048
20361,Fie Hækkerup,S,16,15,1,0.08928571428571429
20362,Thomas Monberg,S,168,153,15,0.9107142857142857
20363,Sara Emil Baaring,S,168,159,9,0.9464285714285714
20364,Frederik Vad,S,168,153,15,0.9107142857142857
20365,Matilde Powers,S,168,139,29,0.8273809523809523
20366,Thomas Skriver Jensen,S,168,30,138,0.17857142857142858
20367,Kris Jensen Skriver,S,168,166,2,0.9880952380952381
20368,Maria Durhuus,S,168,135,33,0.8035714285714286
20369,Helle Bonnesen,KF,168,140,28,0.8333333333333334
20370,Christina Olumeko,ALT,168,73,95,0.43452380952380953
20371,Linea Søgaard-Lidell,V,168,145,23,0.8630952380952381
20372,Betina Kastbjerg,DD,168,47,121,0.27976190476190477
20373,Susie Jessen,DD,168,56,112,0.3333333333333333
20374,Kenneth Fredslund Petersen,DD,168,133,35,0.7916666666666666
20375,Charlotte Munch Pasler,DD,168,109,59,0.6488095238095238
20376,Kristian Bøgsted,DD,168,159,9,0.9464285714285714
20377,Henrik Frandsen,M,168,84,84,0.5
20378,Rosa Eriksen,M,168,166,2,0.9880952380952381
20379,Tobias Grotkjær Elmstrøm,M,7,0,7,0.0
20380,Monika Rubin,M,16,10,6,0.05952380952380952
20381,Karin Liltorp,ALT,168,149,19,0.8869047619047619
20382,Mette Kierkgaard,M,168,18,150,0.10714285714285714
20383,Jeppe Søe,UFG,168,43,125,0.25595238095238093
20384,Nanna W. Gotfredsen,M,168,86,82,0.5119047619047619
20385,Charlotte Bagge Hansen,M,168,68,100,0.40476190476190477
20386,Rasmus Lund-Nielsen,M,168,109,59,0.6488095238095238
20388,Jon Stephensen,UFG,168,50,118,0.2976190476190476
20389,Peter Have,M,168,155,13,0.9226190476190477
20390,Mike Villa Fonseca,UFG,168,73,95,0.43452380952380953
20391,Sólbjørg Jakobsen,LA,168,137,31,0.8154761904761905
20392,Lars-Christian Brask,LA,168,42,126,0.25
20393,Katrine Daugaard,LA,168,137,31,0.8154761904761905
20394,Steffen W. Frølund,LA,168,138,30,0.8214285714285714
20395,Alexander Ryle,LA,168,133,35,0.7916666666666666
20396,Jens Meilvang,LA,168,92,76,0.5476190476190477
20397,Steffen Larsen,LA,168,46,122,0.27380952380952384
20398,Helena Artmann Andresen,LA,168,153,15,0.9107142857142857
20399,Louise Brown,LA,168,135,33,0.8035714285714286
20400,Sandra Elisabeth Skalvig,LA,168,162,6,0.9642857142857143
20411,Leila Stockmarr,EL,168,69,99,0.4107142857142857
20415,Mohammad Rona,M,168,164,4,0.9761904761904762
20496,Henrik Rejnholt Andersen,M,161,136,25,0.8095238095238095
20781,Gunvor Wibroe,S,168,159,9,0.9464285714285714
20798,Mads Olsen,SF,168,159,9,0.9464285714285714
20820,Carl Andersen,LA,168,93,75,0.5535714285714286
20917,Tina Cartey Hansen,KF,5,4,1,0.023809523809523808
20925,Dina Raabjerg,KF,168,158,10,0.9404761904761905
20930,Louise Mehnke,S,152,81,71,0.48214285714285715
20962,Claus Jørgensen,SF,168,80,88,0.47619047619047616
20966,Frederik Bloch Münster,KF,168,71,97,0.4226190476190476
21044,Lasse Haugaard Pedersen,S,168,168,0,1.0
21083,Thorkild Holmboe-Hay,S,2,2,0,0.011904761904761904
21143,Morten Klessen,S,168,125,43,0.7440476190476191
21159,Ammar Ali,M,152,144,8,0.8571428571428571
21168,Erik Veje Rasmussen,V,168,126,42,0.75
21186,Mads Madsen Henriksen,S,2,2,0,0.011904761904761904
21194,Joachim Hoffmann-Petersen,KF,168,62,106,0.36904761904761907
21206,Elvira Kûitse,N,2,0,2,0.0
